
INSERT INTO ApplicationStage (Id, ApplicationStageName)
VALUES (1, 'Submitted'),
       (2, 'Interview 1'),
       (3, 'Assessment'),
       (4, 'Interview 2'),
       (5, 'Reference'),
       (6, 'Offer'),
       (7, 'Hired');


SET IDENTITY_INSERT Employer ON
;
INSERT INTO Employer (Id, Name, Location, ContactInfo)
VALUES (1, 'Gulgowski Group', '67604 Tony Street', '131 657 5647'),
       (2, 'Fadel-Maggio', '28187 Bobwhite Point', '895 143 4963'),
       (3, 'Luettgen, Watsica and Sanford', '91 Arizona Circle', '575 468 7837'),
       (4, 'Yost-Harber', '565 Donald Junction', '308 141 4196'),
       (5, 'Gusikowski-Turner', '76 Karstens Circle', '330 627 2013'),
       (6, 'Shanahan, Stracke and Mueller', '43232 Linden Hill', '272 723 9873'),
       (7, 'Stoltenberg, Rogahn and Metz', '12 Northview Trail', '830 291 8753'),
       (8, 'Erdman-Mayert', '6 Dunning Street', '784 652 4552'),
       (9, 'Parisian, Rowe and Blick', '5270 Montana Drive', '911 814 8906'),
       (10, 'Schowalter, Dooley and Schmidt', '27 Meadow Ridge Alley', '367 869 0970'),
       (11, 'Treutel, Gleason and Goldner', '17 Oak Court', '304 435 7215'),
       (12, 'Spinka-Schuster', '94 Straubel Court', '456 422 3468'),
       (13, 'Marvin-Kuhn', '02324 Arapahoe Trail', '130 742 5319'),
       (14, 'Franecki LLC', '1570 Stang Circle', '847 470 2974'),
       (15, 'Jakubowski and Sons', '51766 Heath Avenue', '828 167 6130'),
       (16, 'Kuhlman, Ernser and Abbott', '69 Reindahl Crossing', '193 709 6505'),
       (17, 'Hauck Inc', '98155 Pierstorff Place', '541 636 2148'),
       (18, 'Kub, Larkin and Bergstrom', '410 Harbort Road', '621 906 7442'),
       (19, 'Stracke-Miller', '9 Oneill Point', '199 796 0416'),
       (20, 'Brakus Group', '42 Troy Trail', '590 893 4717'),
       (21, 'Harris Group', '1 Meadow Vale Lane', '893 719 2586'),
       (22, 'Bayer, Fay and Bode', '72653 Lindbergh Drive', '488 847 7647'),
       (23, 'Rau Group', '95 Helena Hill', '612 651 4578'),
       (24, 'Bradtke, Pagac and Rempel', '3245 Judy Center', '944 661 5467'),
       (25, 'Cummings, Bins and MacGyver', '0 Buell Court', '265 891 3718'),
       (26, 'Hermiston Group', '4102 Blaine Street', '251 488 0632'),
       (27, 'Ryan Group', '45773 Randy Junction', '645 713 6141'),
       (28, 'Abernathy, Marvin and Shanahan', '942 Muir Road', '721 644 8291'),
       (29, 'Skiles-Bashirian', '704 Scoville Point', '392 845 1548'),
       (30, 'Cartwright-Herman', '2489 Toban Drive', '601 448 5819'),
       (31, 'Torphy and Sons', '08884 Weeping Birch Crossing', '422 232 8332'),
       (32, 'Braun, Howe and O''Hara', '140 Sloan Trail', '626 889 0984'),
       (33, 'Willms and Sons', '7 Dapin Court', '978 981 5856'),
       (34, 'Murray-Fisher', '366 Park Meadow Park', '759 300 2145'),
       (35, 'Macejkovic, Predovic and Schuppe', '82 Di Loreto Avenue', '681 157 2760'),
       (36, 'Pouros-Reinger', '76475 Leroy Pass', '714 390 6644'),
       (37, 'Hoppe, Hamill and Langosh', '630 Maple Center', '102 261 3132'),
       (38, 'Bednar Group', '2 Artisan Parkway', '472 903 1941'),
       (39, 'Bartoletti-Bogan', '91 Superior Terrace', '794 246 2907'),
       (40, 'Armstrong, Bins and Dietrich', '80886 Ronald Regan Lane', '427 389 3085'),
       (41, 'Crona LLC', '8 Monica Avenue', '205 385 4931'),
       (42, 'Satterfield-Larson', '64124 Utah Crossing', '593 180 3784'),
       (43, 'Kessler Group', '187 Montana Junction', '532 278 7673'),
       (44, 'Hintz-Little', '26 Redwing Avenue', '509 499 5185'),
       (45, 'Nitzsche Inc', '961 6th Trail', '407 101 1785'),
       (46, 'Konopelski-Monahan', '62 Lakewood Point', '922 724 4495'),
       (47, 'Wilderman, Boyle and Hegmann', '56583 Kensington Terrace', '661 539 2650'),
       (48, 'Dickinson Group', '321 Carberry Center', '391 915 6721'),
       (49, 'Sipes-Witting', '73 Norway Maple Hill', '227 153 6619'),
       (50, 'Rutherford and Sons', '2407 Coleman Circle', '975 299 1834'),
       (51, 'Welch, Hilpert and Rice', '3 Calypso Center', '833 887 2300'),
       (52, 'Bosco-Parker', '6 Tony Street', '451 333 4880'),
       (53, 'Larson, Haag and Crona', '0 Grasskamp Center', '597 440 1062'),
       (54, 'Mosciski Inc', '8 Meadow Ridge Parkway', '413 370 2283'),
       (55, 'Larson Inc', '705 Petterle Place', '749 279 1339'),
       (56, 'Marquardt, Grimes and Swaniawski', '55 Anzinger Terrace', '633 836 6677'),
       (57, 'Runolfsson LLC', '04 Trailsway Drive', '174 389 9918'),
       (58, 'McDermott, Kulas and Christiansen', '045 Rockefeller Parkway', '921 331 4494'),
       (59, 'Waters LLC', '85 Larry Junction', '701 316 0642'),
       (60, 'Harvey Inc', '325 Ludington Terrace', '354 962 3145'),
       (61, 'Hessel, Zboncak and Erdman', '2342 Lighthouse Bay Drive', '240 374 0257'),
       (62, 'Orn, Kuvalis and Anderson', '92 Farmco Drive', '678 641 6882'),
       (63, 'Auer, Sipes and Hilpert', '3 Kim Alley', '343 549 0220'),
       (64, 'Kihn Group', '00 Sommers Way', '994 970 8148'),
       (65, 'Bruen, Paucek and Dare', '55 Toban Pass', '870 756 9949'),
       (66, 'Cruickshank, Homenick and Littel', '7181 Leroy Road', '442 409 2737'),
       (67, 'Bailey-Collins', '2 Pine View Terrace', '657 540 8708'),
       (68, 'Harvey-Nienow', '18969 Merry Center', '394 201 2765'),
       (69, 'Steuber, Herzog and Hintz', '297 Stoughton Parkway', '780 278 0005'),
       (70, 'DuBuque, Rice and Braun', '49 Surrey Point', '431 291 3379'),
       (71, 'Feest-Bogisich', '80 Gina Court', '305 308 3017'),
       (72, 'Feeney Inc', '6881 Magdeline Lane', '485 668 0850'),
       (73, 'Homenick, Aufderhar and Moore', '96000 Graedel Center', '599 315 5387'),
       (74, 'Armstrong-Rippin', '8 International Junction', '731 155 6376'),
       (75, 'Brakus Inc', '61 Sunfield Plaza', '605 449 6619'),
       (76, 'Hintz, Abernathy and Flatley', '0 Maple Wood Lane', '664 155 0671'),
       (77, 'Franecki LLC', '889 Annamark Pass', '494 172 9421'),
       (78, 'Davis, Zulauf and Kiehn', '1 Bartelt Plaza', '871 375 9575'),
       (79, 'Hahn Inc', '6 Hoffman Way', '949 193 2716'),
       (80, 'Kerluke, Glover and Lang', '4148 Hermina Crossing', '199 142 0306'),
       (81, 'Lang Group', '5 Vahlen Way', '416 341 2530'),
       (82, 'Schinner LLC', '85049 Marcy Court', '595 435 9495'),
       (83, 'O''Conner, Rice and Beier', '06491 Lukken Road', '859 881 2216'),
       (84, 'Herman, Lubowitz and Jast', '25 Pleasure Place', '271 644 8064'),
       (85, 'Murray, Legros and Farrell', '427 Dawn Lane', '518 154 7485'),
       (86, 'Graham, Sipes and Mosciski', '195 Trailsway Avenue', '524 418 7026'),
       (87, 'Streich, Cummings and Marks', '9 Burning Wood Way', '529 760 7338'),
       (88, 'Kuhn, Steuber and Harvey', '87311 Loeprich Park', '271 728 1767'),
       (89, 'Simonis, Weissnat and Breitenberg', '66 Melody Hill', '762 223 0518'),
       (90, 'Botsford-Stamm', '647 Manley Pass', '879 773 4618'),
       (91, 'Weber, Kutch and Hahn', '406 Schiller Alley', '687 288 9328'),
       (92, 'Crist-Wuckert', '8542 Debs Trail', '577 922 2802'),
       (93, 'Mertz Inc', '3308 Mendota Court', '278 825 0144'),
       (94, 'Lesch, Hayes and Senger', '54794 Anthes Hill', '627 874 6573'),
       (95, 'Hackett and Sons', '66 Pankratz Terrace', '151 840 4946'),
       (96, 'Macejkovic-Hills', '51 Harper Street', '563 579 1377'),
       (97, 'Sauer-Mills', '27 Loftsgordon Pass', '505 210 4223'),
       (98, 'Schmidt-McGlynn', '99685 Chive Way', '133 538 7568'),
       (99, 'Hane LLC', '15417 Spaight Point', '687 938 1897'),
       (100, 'Jast-Weber', '26 Cordelia Alley', '334 437 1783')
;
SET IDENTITY_INSERT Employer OFF
;
SET IDENTITY_INSERT Recruiter ON
;
INSERT INTO Recruiter (Id, Email, PasswordHash, Name, Avatar, EmployerId)
VALUES (1, 'nroxbrough0@tumblr.com', '$2a$04$eJRNwhdiqI9zbh9XojJCIueFjeSbbOwY4/1SqCsuCH09OBgV7LMvq', 'Nari Roxbrough', 'robohash.org/itaquesapienteunde.png?size=50x50&set=set1', 23),
       (2, 'tmccrackan1@marketwatch.com', '$2a$04$7TMFDQInvPX5B1cYTY1MqeZEf//NbUZO4AWwOqEwutAgk/cYDtBsK', 'Terry McCrackan', 'robohash.org/aliascumquequi.png?size=50x50&set=set1', 11),
       (3, 'garro2@columbia.edu', '$2a$04$yMQePLoylJyQAlpy.y/cTOQfC4/xro67y5fU4ZV7vFZDyzwh67Z9m', 'Gerti Arro', 'robohash.org/etrepellendusnumquam.png?size=50x50&set=set1', 25),
       (4, 'mtschirschky3@wufoo.com', '$2a$04$2gpJfy1PitK2WbvfMlelyeWLCr46nFn0czbRzb/ewau4/WGA6AjEi', 'Merry Tschirschky', 'robohash.org/placeatinventorepossimus.png?size=50x50&set=set1', 96),
       (5, 'mtythe4@1688.com', '$2a$04$plFF9bsYSfBkgGRqJhP4AeaaSms2MZfhYZCZFBI4sCIxzsG0q0qTu', 'Mabel Tythe', 'robohash.org/utquidemvoluptatem.png?size=50x50&set=set1', 37),
       (6, 'hseywood5@sciencedaily.com', '$2a$04$BpAqfzwNcphJ3gbG/9yfOe77ckCgHuFNmfYUbSGJJAbmyFwHB3kqW', 'Hobart Seywood', 'robohash.org/doloresquiadoloremque.png?size=50x50&set=set1', 55),
       (7, 'rdogg6@ovh.net', '$2a$04$TM5fqGwnPPjYBRZlsEMh0.K6MhAOj8vjFJYbciXhAFS0qsJXLZTaK', 'Rorke Dogg', 'robohash.org/velitdelectusquaerat.png?size=50x50&set=set1', 54),
       (8, 'bdoylend7@ucla.edu', '$2a$04$t1xH1bWOpVQwmFglS/YEF.1/3hSA9LDdbTTBSBH.RxNZKpyzAk/Xi', 'Beaufort Doylend', 'robohash.org/sednullasapiente.png?size=50x50&set=set1', 90),
       (9, 'ilambal8@gizmodo.com', '$2a$04$xFXys4XuzvI4W6gMWVFbf.xA1Sy7GOCMZesgfOj8cMeq7FTDjtRoK', 'Isaak Lambal', 'robohash.org/facilisnobisdolores.png?size=50x50&set=set1', 52),
       (10, 'ymcneish9@house.gov', '$2a$04$iaD4y3j4bQPJ6ryDo.O3y.caYLhLgPiKK0OEpwLiB9QcTH/Gt.abK', 'Yolanthe McNeish', 'robohash.org/maiorespariaturcumque.png?size=50x50&set=set1', 59),
       (11, 'rballingera@mtv.com', '$2a$04$hdttT6CaRR074zrE6bAiPOJuwGgiGbhLWBIior7SjgMd.zznqk2m6', 'Russ Ballinger', 'robohash.org/suntquiacorrupti.png?size=50x50&set=set1', 70),
       (12, 'dbernholtb@nydailynews.com', '$2a$04$MoEti1R.1PSJo6HbVyfSAejAZdwxrtTHW3YiMYZwiCpEa0UbojFIG', 'Davina Bernholt', 'robohash.org/liberoaperiamvel.png?size=50x50&set=set1', 82),
       (13, 'hhallaganc@ftc.gov', '$2a$04$JhqbQ9mgoUF1Euch0.jCDuesSsqmd4j28xz/Vzi4Pk6z91PnTX.MS', 'Happy Hallagan', 'robohash.org/suntquibusdamnemo.png?size=50x50&set=set1', 89),
       (14, 'dlawlingd@about.me', '$2a$04$tAhmJS6wgpa91gzWg/ZQS.yWGfXKEJtjGjinH5fB.AyKo.SNSe8YG', 'Dari Lawling', 'robohash.org/commodiodioquia.png?size=50x50&set=set1', 21),
       (15, 'hgossone@yolasite.com', '$2a$04$w74X8wl59Jh6TbDfWkIzfOz3mzcJ7D5m/m/XF7R.K7dxG6exQi7tC', 'Hiram Gosson', 'robohash.org/nostrumvoluptatemexcepturi.png?size=50x50&set=set1', 53),
       (16, 'cverrierf@ibm.com', '$2a$04$FbuwAgxysMZKIgf7WaE9oOmlFjZ4a8SmBgPQqjgsVpTlWNW6OqvaW', 'Carlen Verrier', 'robohash.org/absintqui.png?size=50x50&set=set1', 91),
       (17, 'ggangeg@usgs.gov', '$2a$04$xYkvRmNJypaQYA3J0nV6H.q39yHi.W.00dHl.tSVXm0VkMkzJ5aKO', 'Gianna Gange', 'robohash.org/impeditpossimusrerum.png?size=50x50&set=set1', 37),
       (18, 'hgaineh@storify.com', '$2a$04$1mfnUlTw24MNiNgdkeU2y.f4Er6zRPjl3sLVJy5etEGt2q6rsm7YC', 'Helaina Gaine', 'robohash.org/eaautemillum.png?size=50x50&set=set1', 55),
       (19, 'kpittami@loc.gov', '$2a$04$EZMjucDOC2U3CXVEMhb.OOSixvXleB73v/XH3Bukvg.HK0wqwHqOy', 'Khalil Pittam', 'robohash.org/sapientesitmollitia.png?size=50x50&set=set1', 25),
       (20, 'cworsfoldj@google.nl', '$2a$04$JzpGRwXWGyZE9T6cWlo30uwycwzSjf7ia5AZ2tQXS/f7t6OkfnWxq', 'Charlot Worsfold', 'robohash.org/nemonequequo.png?size=50x50&set=set1', 67),
       (21, 'ametschkek@noaa.gov', '$2a$04$iqbfKVpy7mvnoMHTXy7t/OB9SNZvGuBaY/cq720HfHmCnpI3OeFZC', 'Ardenia Metschke', 'robohash.org/aperiametdeleniti.png?size=50x50&set=set1', 56),
       (22, 'ssimiolil@nasa.gov', '$2a$04$Gq20D0.KLj9PpJcw1oFsn.8nMyeOWHTOdwx/AQfEplMcSON5A.LSq', 'Shepherd Simioli', 'robohash.org/adipiscilaboriosamrem.png?size=50x50&set=set1', 38),
       (23, 'myexleym@php.net', '$2a$04$76iDAY4AzJGVkRd8FZE1mefAyp7rXVBMiuQ/bqpGA/VBl1wBsNXOy', 'Marsha Yexley', 'robohash.org/eaquequosest.png?size=50x50&set=set1', 39),
       (24, 'bpankethmann@geocities.jp', '$2a$04$ujDZkNruAsAOeC0/sKUa9OfOiKPgPh/6RiBp.M07q.zAjD5piVVLi', 'Blythe Pankethman', 'robohash.org/animiautdolorem.png?size=50x50&set=set1', 63),
       (25, 'dalldeno@ox.ac.uk', '$2a$04$SzisXrPq5/p25Po5UK1qEuNwQ3B2t.dg6iAKbwGG/dKKmncS3Ug6m', 'Deerdre Allden', 'robohash.org/hicenimaut.png?size=50x50&set=set1', 84),
       (26, 'vdabbotdoylep@cafepress.com', '$2a$04$nBoD8vR2ytr8e063fxevF.gWt9Q3m2d0wudL6SklI5UTh63JB6/9G', 'Vitia Abbot-Doyle', 'robohash.org/estlaborumautem.png?size=50x50&set=set1', 12),
       (27, 'isimoensq@google.cn', '$2a$04$JnEFPl2keI8Hv4ZBxBBtLeNGI86sF9aQsRnv/ycefYW5wiy3A6gbO', 'Isabelita Simoens', 'robohash.org/sedaliquamexpedita.png?size=50x50&set=set1', 84),
       (28, 'swoolrichr@github.io', '$2a$04$hO1x3PZkUFRmQPIJVUgBhOo.RmctZNEoS/90IkZWgJLO8NlfnfuFK', 'Stefano Woolrich', 'robohash.org/blanditiisvelitdistinctio.png?size=50x50&set=set1', 28),
       (29, 'ataschs@bloomberg.com', '$2a$04$PomMesi1KSh4O6ynlUmn5ugjE4YBw4zVFEdTCyLXQ4YLN4vAapYL2', 'Alfons Tasch', 'robohash.org/totamsunteius.png?size=50x50&set=set1', 80),
       (30, 'speterkent@mac.com', '$2a$04$Tl9DLGg1mqBZ/us6dGt8E.G36hOOsh7c4uq4cYioQwPmOZV65IpPy', 'Shell Peterken', 'robohash.org/molestiaeplaceatat.png?size=50x50&set=set1', 36),
       (31, 'ekybirdu@spotify.com', '$2a$04$KxNaZTXoFfaRKj9m9HzAz.ukVxc41b5rCcOr0J1cgkX58MmlXh/KC', 'Elliot Kybird', 'robohash.org/etharumut.png?size=50x50&set=set1', 87),
       (32, 'gcampsallv@disqus.com', '$2a$04$cIqD4w4eGMfWGtTNrczcZeKsPibboMAbe0vnJaE70Y0iF60xPCKzy', 'Gaylord Campsall', 'robohash.org/quidemeaqueaut.png?size=50x50&set=set1', 96),
       (33, 'mputtanw@mozilla.org', '$2a$04$RMzHL64mqLlboaQGTFiv8epBDLZ40AYBf0fwcccAMczsEK4rIyZQK', 'Mateo Puttan', 'robohash.org/placeatconsequunturet.png?size=50x50&set=set1', 78),
       (34, 'wdantonix@zimbio.com', '$2a$04$TwYK6fdvxTPV9TbCDL45EOZPEoYkPIrs88IlIpzISP3fi4MvNH3Xm', 'Waly Antoni', 'robohash.org/atsitest.png?size=50x50&set=set1', 20),
       (35, 'tjantely@exblog.jp', '$2a$04$e5yeFf/qfrRcr4KZI82nhOm99FT8Hgq8j5HR1xSsn5mBAl4o7P51C', 'Tommi Jantel', 'robohash.org/doloremquirerum.png?size=50x50&set=set1', 75),
       (36, 'jparrisz@photobucket.com', '$2a$04$t0pk8XNBhOgDiH1ahP2asuagXOr6Tz/0Jk3miUhVUFFpjW87lrmIy', 'Jeff Parris', 'robohash.org/voluptatealiquidtotam.png?size=50x50&set=set1', 54),
       (37, 'gruit10@msn.com', '$2a$04$ET9JKFMY8gC3aqb7tKcKb.IIGKhSFnrgujXQTERdxuSJtPNeP00Um', 'Gabbi Ruit', 'robohash.org/reprehenderitquiserror.png?size=50x50&set=set1', 75),
       (38, 'mlangsbury11@is.gd', '$2a$04$vXk39Mok8CGx6b6ZOZbMEOl9ucSVeNVt73/c1m5qcquvhLc.Cq5pq', 'Moria Langsbury', 'robohash.org/sedomnisvoluptas.png?size=50x50&set=set1', 4),
       (39, 'dspeirs12@elegantthemes.com', '$2a$04$5kD5zEk5RJKQlKFD9VTodOL56BY6W0/0eIXBxp8zwYra5AmU6EaLK', 'Drusie Speirs', 'robohash.org/temporibustemporeesse.png?size=50x50&set=set1', 50),
       (40, 'asalack13@github.io', '$2a$04$Y5Evnhg9dmS4itzRaMz0MOKiLJe9cgtaFMgfK.OXFZntb7t5ESpU2', 'Artemus Salack', 'robohash.org/undetemporibusreprehenderit.png?size=50x50&set=set1', 30),
       (41, 'alightwood14@cargocollective.com', '$2a$04$5Xj4w0IxA1ABG66NqktLNeTf2oPoPOlIQWp5zP9dDv/9kETnj6Ayq', 'Avram Lightwood', 'robohash.org/quianequequisquam.png?size=50x50&set=set1', 36),
       (42, 'msimes15@sitemeter.com', '$2a$04$CIuSwI2eituk6yGCPzT/1ecoWglZWXu8ytOJfMuLj5slpMGDB5lLO', 'Marge Simes', 'robohash.org/quasisitquas.png?size=50x50&set=set1', 79),
       (43, 'jbachelor16@foxnews.com', '$2a$04$4G.zKNoqC2/b8YEO5GUOXuiRDkpqoqQV7UQSjUvghwnitjRxV2CyW', 'Justis Bachelor', 'robohash.org/reprehenderiteosmolestiae.png?size=50x50&set=set1', 73),
       (44, 'dmcqueen17@yahoo.com', '$2a$04$aR3niPjCkXDMFgxZIinsT.YIL2YAJqU5MmSoZ8q683jS3jSn3BNnG', 'Dorelle Mc Queen', 'robohash.org/veniamaccusantiumillo.png?size=50x50&set=set1', 13),
       (45, 'aprahm18@hao123.com', '$2a$04$ZFBd.pVxsehaFoAe9Kvvxe3CZb8Zhl3JWSft1W.hvoKD1BtBzFMVG', 'Amberly Prahm', 'robohash.org/quiacorruptiillum.png?size=50x50&set=set1', 5),
       (46, 'cmoorwood19@geocities.jp', '$2a$04$1LAkyhtq7h.nt8nHLBsQYOq/vLpvgP7Iwbzt8Rqar1K05RFU3LXwi', 'Chen Moorwood', 'robohash.org/quiatemporibuslaborum.png?size=50x50&set=set1', 10),
       (47, 'predsall1a@aboutads.info', '$2a$04$bl8OTdcKqqfsMIO2OuQ6suKVjwIDUYTpvKdyrYX.BnbI1O3haKb5W', 'Perice Redsall', 'robohash.org/etquiseveniet.png?size=50x50&set=set1', 31),
       (48, 'aanstead1b@imgur.com', '$2a$04$V73Py1QBzHreBZGeZOueKuSlEoqNnqfcJGdQUENa3hU6ybBlFlimC', 'Alida Anstead', 'robohash.org/iuretemporaaut.png?size=50x50&set=set1', 10),
       (49, 'fhaughton1c@sourceforge.net', '$2a$04$Ogj5raJykvwke6/R5ab5DeyXZ85Ah//lsuEuQJTwQ3eGckfnRvgYS', 'Freda Haughton', 'robohash.org/doloremqueblanditiiset.png?size=50x50&set=set1', 38),
       (50, 'amustarde1d@mac.com', '$2a$04$zHLt86B/akSPka9JddyoReV61QaSDSek12KeEmVm.X2wxm4wS6tF6', 'Adda Mustarde', 'robohash.org/suscipitillovoluptatibus.png?size=50x50&set=set1', 95),
       (51, 'thavill1e@berkeley.edu', '$2a$04$p/bIs1WCOHW8sT5AtrSBxOX2ckq7cVwdI1aJ5ny6mMLe4LliZWbKK', 'Tracee Havill', 'robohash.org/doloremquamin.png?size=50x50&set=set1', 70),
       (52, 'frawe1f@samsung.com', '$2a$04$F.caFZRNwX5Rnlk3HNcGc.WhnFhYGDyC2NcKZVzYYff1FrGI2sw0C', 'Farrell Rawe', 'robohash.org/fugaerrorquia.png?size=50x50&set=set1', 14),
       (53, 'sbartlomiejczyk1g@123-reg.co.uk', '$2a$04$Mbp7r4V1s9iWO47yQd65uOw8RksehZqtnzLULrDw.qgmaBOHRixe6', 'Shellie Bartlomiejczyk', 'robohash.org/autipsamqui.png?size=50x50&set=set1', 34),
       (54, 'ndunaway1h@mail.ru', '$2a$04$pnGA5oLm0.91dvgfRztZRu/mv/KvLFC7CJvx/H8k3gC4xjQMbq1JK', 'Nance Dunaway', 'robohash.org/quilaborerepellendus.png?size=50x50&set=set1', 41),
       (55, 'arockhall1i@rakuten.co.jp', '$2a$04$ydQ1UFFGO91dpi/gAubCzuSLaBOQzCoxs6.lN2jVS8bFN5Mh3hFeS', 'Alphonso Rockhall', 'robohash.org/quidemporroipsam.png?size=50x50&set=set1', 55),
       (56, 'gcrigin1j@1688.com', '$2a$04$QftQ6acAykXVg98GIUrGXOMN9Xen7vL7fgABBN6qZ8bcJxOHjfui.', 'Gallagher Crigin', 'robohash.org/fugiatnemodignissimos.png?size=50x50&set=set1', 57),
       (57, 'abrannan1k@imageshack.us', '$2a$04$7pajEJ/uZuaH/ER4nrmRneZWa4N58fjgQJK4sw7ady4kwuGZzULa2', 'Alexandros Brannan', 'robohash.org/isteexpeditasequi.png?size=50x50&set=set1', 45),
       (58, 'cpusey1l@xinhuanet.com', '$2a$04$hJPVtUrZlq.GsPmAuW6lXO0nrA.JQXflwFhqHl3BO.j38.qnbb.tO', 'Cleavland Pusey', 'robohash.org/porromolestiaeet.png?size=50x50&set=set1', 47),
       (59, 'jhaig1m@amazon.co.uk', '$2a$04$9pHNC27Jqh.Ns2BtJUEK9OH461LLdrJtsu81/XgHCrDFJqCAPtXfi', 'Jedidiah Haig', 'robohash.org/namevenietsint.png?size=50x50&set=set1', 34),
       (60, 'clongcake1n@java.com', '$2a$04$tfNKPikuOEdPBUuFf3pzU.4XgsgdYbaM91yzAbBJRZ.jvJ.9JW1Ii', 'Cletis Longcake', 'robohash.org/magnicorporispariatur.png?size=50x50&set=set1', 39),
       (61, 'afulbrook1o@wiley.com', '$2a$04$yA7IhW.mXegxr2QMpRn6I.rCGZqE9Rf4WcKbcheEkqHSvebkgKX6e', 'Arden Fulbrook', 'robohash.org/maximesitcupiditate.png?size=50x50&set=set1', 13),
       (62, 'dtruitt1p@1688.com', '$2a$04$48lHjBCobNqHCHUBZZuyRuyEm5AKjzKzgnVSWEF7YkA7hJIc.faGW', 'Davey Truitt', 'robohash.org/quieosipsa.png?size=50x50&set=set1', 69),
       (63, 'ipolkinhorn1q@mozilla.com', '$2a$04$x5OUx76wTiR1zMzdHCyhpezFzjxngJgBBhvSKEgjzhZ4XWfRKWvvK', 'Iago Polkinhorn', 'robohash.org/quibusdamipsamlibero.png?size=50x50&set=set1', 30),
       (64, 'jsemaine1r@ycombinator.com', '$2a$04$Er6VxWYrADqvvPl7HOzQU.e2DaaEguKksWAcVPbD01aLPmHNpnI3e', 'Janela Semaine', 'robohash.org/saepeinquos.png?size=50x50&set=set1', 10),
       (65, 'cminnette1s@macromedia.com', '$2a$04$HEC9EeCeU5K3V5GCc.ptKO1xu0JjsJokRp5ilnxV52MgfN3IHpER2', 'Cleo Minnette', 'robohash.org/idofficiisvoluptatem.png?size=50x50&set=set1', 38),
       (66, 'rantwis1t@youku.com', '$2a$04$O6L1DB/QaABjHYtFT6KLhO95F1HYGuST2tcNCjdNUdisn4Rk72K/u', 'Rolfe Antwis', 'robohash.org/molestiaeipsaaperiam.png?size=50x50&set=set1', 12),
       (67, 'cocorr1u@indiatimes.com', '$2a$04$D7uvHD7NYeZZSZR8LIIxO.MulGqjCeB.hB.jYCE3bB2mZrbakhFse', 'Clio Corr', 'robohash.org/autofficiissuscipit.png?size=50x50&set=set1', 59),
       (68, 'vskupinski1v@behance.net', '$2a$04$FbsSQAPu7uKMXAhYZl3OW.CGkWOta0OTA5STjnBuDduTfeRxLb.Zi', 'Vivyan Skupinski', 'robohash.org/abetquibusdam.png?size=50x50&set=set1', 71),
       (69, 'cmacdonell1w@yahoo.com', '$2a$04$UDqTpYYH6HLEFBMcorKz/uzlbOHXeFLlcxdjlfazEn6..MJ1yXcOO', 'Clay MacDonell', 'robohash.org/earummagnamdoloribus.png?size=50x50&set=set1', 77),
       (70, 'rstreight1x@prlog.org', '$2a$04$tb4OZK80FDxciyfd9kQuEuedAPMaLeKlHvvBF58QNIXtQZMSD12wW', 'Ramon Streight', 'robohash.org/quiateneturlaboriosam.png?size=50x50&set=set1', 34),
       (71, 'eeckford1y@cdc.gov', '$2a$04$bBcS7MkgKdxT5lG4LU5lPe9GyZPUl.4gDuZVRnDqSH6OEHwYVuVsy', 'Elsy Eckford', 'robohash.org/porroesteligendi.png?size=50x50&set=set1', 91),
       (72, 'cmackison1z@meetup.com', '$2a$04$pZmmoq3S7J1cXdHRjjYjju.OVIt8sy971mk47eeQI/SXMHwk5Kuaq', 'Colene Mackison', 'robohash.org/utducimusvelit.png?size=50x50&set=set1', 15),
       (73, 'ckid20@tinypic.com', '$2a$04$w93Wch1skyoneLCxWe7Rq.Gg38pLu.UDUCBqnSfdn9mW3LALJLaYK', 'Chrysa Kid', 'robohash.org/maioresodiodolorum.png?size=50x50&set=set1', 8),
       (74, 'tesby21@blogger.com', '$2a$04$Pvdg.918SO8i10YGPZaRauA.Vw02AWtv.YcWlwLJhA/vFY.KsEleG', 'Trumaine Esby', 'robohash.org/etutfacere.png?size=50x50&set=set1', 13),
       (75, 'cvondrys22@economist.com', '$2a$04$mX5R8Yz2/HsDlAxYPPh3yOOApIumrwLEJGI0VroHVq8JG5CR/Wbg.', 'Crin Vondrys', 'robohash.org/similiquepraesentiumsed.png?size=50x50&set=set1', 58),
       (76, 'twhife23@netlog.com', '$2a$04$vPHKj3naKWKu0zh7VOO5M.Shc9KdXgyu3CBvOJqfHdvXbLjrengAK', 'Trish Whife', 'robohash.org/illumaliasut.png?size=50x50&set=set1', 92),
       (77, 'vquesne24@amazon.com', '$2a$04$hgACh.zARyguvpjXOl8X1OXKQs2Q2iRiELihn0aKhKFzI3tpdxjA.', 'Vince Quesne', 'robohash.org/atquevoluptatemporro.png?size=50x50&set=set1', 96),
       (78, 'sstreather25@godaddy.com', '$2a$04$AzLNJxPXQZPQDcnggJFksutgNZzoJ.rTEHa22MCYxqt8zHnds8D/e', 'Skipton Streather', 'robohash.org/inaquae.png?size=50x50&set=set1', 83),
       (79, 'pkrol26@state.tx.us', '$2a$04$Hd.lymiWlyVyKm.WVe./7OtCFgkOtM3rxbv.zIFxL9IHEPF4A/EYe', 'Perkin Krol', 'robohash.org/adquinobis.png?size=50x50&set=set1', 45),
       (80, 'fkilbourne27@wufoo.com', '$2a$04$l83yJ5Nj4.5r7jFyGEaia.2IpEYsg65VhCI.Lj3DKbQSfwwnzgQcq', 'Frederique Kilbourne', 'robohash.org/rationehicdoloremque.png?size=50x50&set=set1', 18),
       (81, 'jguiraud28@tinypic.com', '$2a$04$2ujXZm/v64boODUNPxsSles3HMLzk0VQ256I7BSYTJmYg3k5jyupq', 'Jeni Guiraud', 'robohash.org/maximeetvoluptas.png?size=50x50&set=set1', 39),
       (82, 'bgeist29@amazonaws.com', '$2a$04$MY4xSP2NYt/gMrCxOZhsnegYn3R82SMoYpIVzbBvizB.Zuqi21kWO', 'Brooks Geist', 'robohash.org/velitdoloresmaiores.png?size=50x50&set=set1', 16),
       (83, 'scoye2a@dailymotion.com', '$2a$04$zQhDw3WMCg/Cs5aUDvIATeOpn8Te3nqKg6ELhtaNeuXDw/nbHlnmO', 'Sisile Coye', 'robohash.org/solutaconsequaturfuga.png?size=50x50&set=set1', 97),
       (84, 'hbaselio2b@youku.com', '$2a$04$0gvqUxrt5hvcn2Li.XSr2eIfyr7Yad0QvXNA1r.i7eMz/xSk1.xZi', 'Hyacinthia Baselio', 'robohash.org/cumexdolor.png?size=50x50&set=set1', 55),
       (85, 'hwaterhouse2c@ehow.com', '$2a$04$dNlTDbdJcxZoltw4hJvQuuZx9i44ZPmbJkfHtBedaLaOdQFr8BeF.', 'Heather Waterhouse', 'robohash.org/rerumnequein.png?size=50x50&set=set1', 82),
       (86, 'aedgington2d@istockphoto.com', '$2a$04$2eNOcInAzxiOSHv2gPiUceeSzumwsM0Or4TtikjjRCFsgjDyMi38u', 'Arabela Edgington', 'robohash.org/exestmollitia.png?size=50x50&set=set1', 27),
       (87, 'vstrainge2e@npr.org', '$2a$04$xKlVZGACE6iy36.oUcNB7.uQGyunc5jV2dH0MtzjxkjUS08vAAJGi', 'Viki Strainge', 'robohash.org/namquimodi.png?size=50x50&set=set1', 47),
       (88, 'gmadsen2f@hostgator.com', '$2a$04$8Oz7tPZT1hRtCXqcAeY8de9Y74w/x8mwBjO1XfvzdEVARisz9JOwe', 'Gaven Madsen', 'robohash.org/quisquamundevelit.png?size=50x50&set=set1', 3),
       (89, 'echittim2g@godaddy.com', '$2a$04$kXpYV60dWvOl9.Ek2tx.FusU1FkDnqEBQoa/Ky4/EEqoKN79aS/wu', 'Elmo Chittim', 'robohash.org/quibusdamestodio.png?size=50x50&set=set1', 29),
       (90, 'smerigeau2h@umich.edu', '$2a$04$ZBSWwiWWCkYU0KBLJud3teaHzoidEGMP0OjZsVCcl8AgYaNm3OzEe', 'Shauna Merigeau', 'robohash.org/asperioressaepeet.png?size=50x50&set=set1', 83),
       (91, 'jchilley2i@barnesandnoble.com', '$2a$04$b1aQG45pmzhhE9mOt9Qz9e19s.EY/uyeExs.MvRQEP7KqAn/RTPqK', 'Jacqueline Chilley', 'robohash.org/quoaperiamaspernatur.png?size=50x50&set=set1', 81),
       (92, 'bbossom2j@ucla.edu', '$2a$04$6qOKlArovFgn.e9an4yDn.W7a/j/ijKhCU6artAAqfQQEbwfq8GKW', 'Berkley Bossom', 'robohash.org/dolorumfugaquia.png?size=50x50&set=set1', 58),
       (93, 'rhewins2k@ning.com', '$2a$04$O6s4ngCrUjtMWQvoRQQkceBeqzAiv3VjNqqmhqCFAH9LN8eGfjLCC', 'Reginauld Hewins', 'robohash.org/sedperferendisplaceat.png?size=50x50&set=set1', 61),
       (94, 'churll2l@ezinearticles.com', '$2a$04$7iJBMH0owyyFJeoe8HXgxuLkodEVgCvtWMyZFa7XdLH01TypSMjmW', 'Ceciley Hurll', 'robohash.org/culpaaccusamushic.png?size=50x50&set=set1', 77),
       (95, 'kelwill2m@constantcontact.com', '$2a$04$/mYJXzrS.gtLFAXh4tyEHuM3gYjNEW/ObLW7xwO4tuQgRA5uh22wa', 'Kilian Elwill', 'robohash.org/maximedelenitivel.png?size=50x50&set=set1', 2),
       (96, 'astigell2n@ihg.com', '$2a$04$K0PnxYmNortwmyVNP55Z1uFz8rI9LHEfp5bQGjvanpvdJXAY98jhW', 'Angil Stigell', 'robohash.org/etaperiamexpedita.png?size=50x50&set=set1', 45),
       (97, 'mponten2o@redcross.org', '$2a$04$VbQk0DJO7360RXJua8.3E.hXQdnPo.e37exmELj4cyZgDO7lIdjEi', 'Mala Ponten', 'robohash.org/harumestducimus.png?size=50x50&set=set1', 57),
       (98, 'ggretham2p@theglobeandmail.com', '$2a$04$sqMUq69qSH2iup2pAcPnaOUiQA0yuWT1ihcuB4qeRcUM9GMYJB8yW', 'Gilligan Gretham', 'robohash.org/veritatisevenietconsequatur.png?size=50x50&set=set1', 91),
       (99, 'emila2q@bravesites.com', '$2a$04$wm2XQe8rR0Mg3XngSOHrVO1uLHoYR/Ca2TxgNlSgR/.wipubb9MA6', 'Elnora Mila', 'robohash.org/etminusnihil.png?size=50x50&set=set1', 14),
       (100, 'csnow2r@spiegel.de', '$2a$04$tnhgHB/Sj1VXpOjuAtVhpeHl/Tu.bsb.JFfumZYQVHcW4xkjwiZQm', 'Charlot Snow', 'robohash.org/eacumdolorum.png?size=50x50&set=set1', 66)
;
SET IDENTITY_INSERT Recruiter OFF
;

SET IDENTITY_INSERT Candidate ON
;
INSERT INTO Candidate(Id, Name, Title, Avatar, Phone, Address, Email, ResumeLink, Status)
VALUES (1, 'Bond Allkins', 'Mr', 'robohash.org/recusandaefugaplaceat.png?size=50x50&set=set1', '367 348 7244', '843 Schlimgen Junction', 'ballkins0@usa.gov', 'www\.dummyresume\.com/YVsXBHYR', 'seeking'),
       (2,
        'Kacie Tooley',
        'Honorable',
        'robohash.org/doloremqueundeearum.png?size=50x50&set=set1',
        '148 793 5098',
        '03650 Grover Road',
        'ktooley1@biglobe.ne.jp',
        'www\.dummyresume\.com/MHBCQWLC',
        'open'),
       (3,
        'Moselle Atherton',
        'Mr',
        'robohash.org/possimusvoluptasid.png?size=50x50&set=set1',
        '456 130 2634',
        '7639 Mayfield Court',
        'matherton2@linkedin.com',
        'www\.dummyresume\.com/SVfqmupg',
        'freelancing'),
       (4,
        'Ainslee Cordero',
        'Ms',
        'robohash.org/maioresquosunt.png?size=50x50&set=set1',
        '441 300 7138',
        '272 Upham Court',
        'acordero3@netvibes.com',
        'www\.dummyresume\.com/AeWztraB',
        'freelancing'),
       (5,
        'Riccardo Trehearne',
        'Mr',
        'robohash.org/optioofficiiseveniet.png?size=50x50&set=set1',
        '485 805 0584',
        '51149 Vernon Junction',
        'rtrehearne4@usa.gov',
        'www\.dummyresume\.com/aKfvGIql',
        'employed'),
       (6,
        'Lanita Ashbrook',
        'Rev',
        'robohash.org/liberoatquedebitis.png?size=50x50&set=set1',
        '930 522 1232',
        '471 Pennsylvania Way',
        'lashbrook5@tamu.edu',
        'www\.dummyresume\.com/OemAhikt',
        'freelancing'),
       (7,
        'Lavena Keysel',
        'Rev',
        'robohash.org/deseruntquodvelit.png?size=50x50&set=set1',
        '501 243 9833',
        '4210 Anderson Parkway',
        'lkeysel6@cbc.ca',
        'www\.dummyresume\.com/jVPxCmXI',
        'employed'),
       (8,
        'Gilburt Stonary',
        'Dr',
        'robohash.org/laborearchitectoassumenda.png?size=50x50&set=set1',
        '706 411 9115',
        '7 Caliangt Circle',
        'gstonary7@topsy.com',
        'www\.dummyresume\.com/DXqlqNZp',
        'seeking'),
       (9,
        'Winslow Haquin',
        'Dr',
        'robohash.org/excepturilaudantiumsunt.png?size=50x50&set=set1',
        '931 384 7096',
        '0450 Di Loreto Place',
        'whaquin8@springer.com',
        'www\.dummyresume\.com/RhocgbNx',
        'seeking'),
       (10,
        'Odelinda Sherel',
        'Rev',
        'robohash.org/aliquamsedinventore.png?size=50x50&set=set1',
        '677 436 2458',
        '8 Meadow Valley Park',
        'osherel9@tiny.cc',
        'www\.dummyresume\.com/aWlTJPgE',
        'seeking'),
       (11,
        'Farrell Gregersen',
        'Rev',
        'robohash.org/molestiasiureet.png?size=50x50&set=set1',
        '604 613 7849',
        '5162 Bellgrove Place',
        'fgregersena@comsenz.com',
        'www\.dummyresume\.com/QtugQXrn',
        'freelancing'),
       (12,
        'Katti Bonnaire',
        'Mr',
        'robohash.org/pariaturmaximeest.png?size=50x50&set=set1',
        '828 574 4717',
        '2 Bunker Hill Hill',
        'kbonnaireb@google.com.br',
        'www\.dummyresume\.com/eHQPMsMU',
        'employed'),
       (13,
        'Ellen Bradder',
        'Honorable',
        'robohash.org/maioressintdebitis.png?size=50x50&set=set1',
        '478 760 3599',
        '54 Lillian Pass',
        'ebradderc@moonfruit.com',
        'www\.dummyresume\.com/NdJciTZh',
        'employed'),
       (14,
        'Cherice Klima',
        'Mrs',
        'robohash.org/velrecusandaeducimus.png?size=50x50&set=set1',
        '310 240 9364',
        '564 Truax Trail',
        'cklimad@tumblr.com',
        'www\.dummyresume\.com/UYLDlcxC',
        'seeking'),
       (15,
        'Alexina Cheevers',
        'Mrs',
        'robohash.org/enimautemrerum.png?size=50x50&set=set1',
        '594 517 7703',
        '5 Harper Place',
        'acheeverse@skyrock.com',
        'www\.dummyresume\.com/EMDNzXUg',
        'freelancing'),
       (16,
        'Sukey Belderson',
        'Rev',
        'robohash.org/consequaturautemenim.png?size=50x50&set=set1',
        '408 485 5371',
        '2 Loomis Lane',
        'sbeldersonf@a8.net',
        'www\.dummyresume\.com/yXUMPHVK',
        'employed'),
       (17,
        'Latrena Nettles',
        'Honorable',
        'robohash.org/saeperemconsequatur.png?size=50x50&set=set1',
        '388 778 5862',
        '6633 Anderson Road',
        'lnettlesg@bloomberg.com',
        'www\.dummyresume\.com/GQRGHntT',
        'open'),
       (18,
        'Devonna Surphliss',
        'Rev',
        'robohash.org/maioresrepellatrerum.png?size=50x50&set=set1',
        '977 795 7193',
        '23 Montana Street',
        'dsurphlissh@umich.edu',
        'www\.dummyresume\.com/BagZxjqb',
        'freelancing'),
       (19,
        'Jacky Flawn',
        'Mr',
        'robohash.org/utdebitisquam.png?size=50x50&set=set1',
        '528 487 5227',
        '4308 Prairie Rose Terrace',
        'jflawni@networksolutions.com',
        'www\.dummyresume\.com/JPcpuqrm',
        'employed'),
       (20,
        'Harland Felderer',
        'Dr',
        'robohash.org/autdeseruntminus.png?size=50x50&set=set1',
        '421 345 7961',
        '0 Calypso Parkway',
        'hfeldererj@reverbnation.com',
        'www\.dummyresume\.com/fzTPMhQa',
        'open'),
       (21,
        'Milzie Geldart',
        'Mr',
        'robohash.org/etofficiaomnis.png?size=50x50&set=set1',
        '882 690 1607',
        '50 Union Crossing',
        'mgeldartk@seesaa.net',
        'www\.dummyresume\.com/cAarneiN',
        'seeking'),
       (22,
        'Breena Christon',
        'Mr',
        'robohash.org/explicabofugiattenetur.png?size=50x50&set=set1',
        '313 841 6252',
        '054 Debra Place',
        'bchristonl@wikispaces.com',
        'www\.dummyresume\.com/WUNsTHyo',
        'seeking'),
       (23,
        'Philippe Gomme',
        'Rev',
        'robohash.org/molestiaererumest.png?size=50x50&set=set1',
        '632 227 9871',
        '1 Parkside Junction',
        'pgommem@nsw.gov.au',
        'www\.dummyresume\.com/VlNMkCkn',
        'freelancing'),
       (24,
        'Tracee Fragino',
        'Dr',
        'robohash.org/maximeporroillo.png?size=50x50&set=set1',
        '511 417 2874',
        '8101 Glendale Trail',
        'tfraginon@is.gd',
        'www\.dummyresume\.com/xvBBsyHY',
        'seeking'),
       (25,
        'Jasmina Fernihough',
        'Mr',
        'robohash.org/siteiusdolore.png?size=50x50&set=set1',
        '233 258 3093',
        '46036 Warrior Park',
        'jfernihougho@china.com.cn',
        'www\.dummyresume\.com/lViwLLiU',
        'open'),
       (26,
        'Sioux Berryann',
        'Mr',
        'robohash.org/voluptatemcumquevoluptatem.png?size=50x50&set=set1',
        '249 464 9736',
        '00839 Twin Pines Circle',
        'sberryannp@xing.com',
        'www\.dummyresume\.com/JdaukELI',
        'open'),
       (27,
        'Genvieve Irlam',
        'Mrs',
        'robohash.org/ipsametaut.png?size=50x50&set=set1',
        '991 249 3633',
        '164 Huxley Point',
        'girlamq@cdc.gov',
        'www\.dummyresume\.com/CRpKAyhm',
        'employed'),
       (28,
        'Mariquilla Barkaway',
        'Ms',
        'robohash.org/suscipitquamexcepturi.png?size=50x50&set=set1',
        '280 914 0353',
        '3 Russell Center',
        'mbarkawayr@lycos.com',
        'www\.dummyresume\.com/NfEZTzuG',
        'seeking'),
       (29,
        'Erv Houdmont',
        'Mr',
        'robohash.org/autemquihic.png?size=50x50&set=set1',
        '453 730 4119',
        '99 Jackson Junction',
        'ehoudmonts@comcast.net',
        'www\.dummyresume\.com/SbkUqsGG',
        'seeking'),
       (30,
        'Almeria Braven',
        'Honorable',
        'robohash.org/iuresequiet.png?size=50x50&set=set1',
        '137 469 8593',
        '9856 Helena Parkway',
        'abravent@blogtalkradio.com',
        'www\.dummyresume\.com/FVgeVuyi',
        'employed'),
       (31,
        'Kerry Murcutt',
        'Mr',
        'robohash.org/etconsecteturoccaecati.png?size=50x50&set=set1',
        '188 338 7351',
        '5 Vera Road',
        'kmurcuttu@photobucket.com',
        'www\.dummyresume\.com/MvnqqULR',
        'open'),
       (32,
        'Sybil Ludwig',
        'Honorable',
        'robohash.org/liberoestperspiciatis.png?size=50x50&set=set1',
        '639 851 1126',
        '880 Hanson Trail',
        'sludwigv@loc.gov',
        'www\.dummyresume\.com/OZJMpiAr',
        'seeking'),
       (33,
        'Gustie Ditchett',
        'Honorable',
        'robohash.org/excepturiquialiquam.png?size=50x50&set=set1',
        '127 490 6702',
        '57 Mockingbird Street',
        'gditchettw@twitter.com',
        'www\.dummyresume\.com/VJlahVWy',
        'open'),
       (34,
        'Willa Mountstephen',
        'Rev',
        'robohash.org/abperspiciatisfacere.png?size=50x50&set=set1',
        '176 122 1490',
        '2 Lillian Parkway',
        'wmountstephenx@nymag.com',
        'www\.dummyresume\.com/tvwwArLB',
        'open'),
       (35,
        'Clarance O'' Clovan',
        'Honorable',
        'robohash.org/noneosvoluptate.png?size=50x50&set=set1',
        '723 670 5935',
        '5 Mariners Cove Plaza',
        'coy@huffingtonpost.com',
        'www\.dummyresume\.com/jrGttFfF',
        'seeking'),
       (36,
        'Yul Draxford',
        'Dr',
        'robohash.org/corporisdictaquos.png?size=50x50&set=set1',
        '476 447 2617',
        '6 Barnett Pass',
        'ydraxfordz@fc2.com',
        'www\.dummyresume\.com/VeRLfthz',
        'freelancing'),
       (37,
        'Emmalynn Busfield',
        'Mrs',
        'robohash.org/quodelectusrepudiandae.png?size=50x50&set=set1',
        '456 609 8048',
        '8 Petterle Court',
        'ebusfield10@dedecms.com',
        'www\.dummyresume\.com/XUnvjIyy',
        'employed'),
       (38,
        'Xenia Delwater',
        'Honorable',
        'robohash.org/sitdoloresdeleniti.png?size=50x50&set=set1',
        '497 591 2399',
        '71 Ridgeway Terrace',
        'xdelwater11@yelp.com',
        'www\.dummyresume\.com/GLeQUAXp',
        'open'),
       (39,
        'Sharon Blizard',
        'Honorable',
        'robohash.org/utautaut.png?size=50x50&set=set1',
        '377 678 3058',
        '37538 Clyde Gallagher Road',
        'sblizard12@webmd.com',
        'www\.dummyresume\.com/pfkMmSsb',
        'open'),
       (40,
        'Kerwinn Halston',
        'Mrs',
        'robohash.org/etetqui.png?size=50x50&set=set1',
        '907 603 3429',
        '75 Brickson Park Center',
        'khalston13@biblegateway.com',
        'www\.dummyresume\.com/halBeudz',
        'open'),
       (41,
        'Dynah Bowmen',
        'Ms',
        'robohash.org/minimaconsequaturprovident.png?size=50x50&set=set1',
        '699 977 2607',
        '6701 Novick Plaza',
        'dbowmen14@ehow.com',
        'www\.dummyresume\.com/JYoVTubz',
        'open'),
       (42,
        'Lainey Crewdson',
        'Mrs',
        'robohash.org/veroveniamtempora.png?size=50x50&set=set1',
        '650 614 1820',
        '36 Susan Avenue',
        'lcrewdson15@trellian.com',
        'www\.dummyresume\.com/zkGnazML',
        'freelancing'),
       (43,
        'Malvin Van Leeuwen',
        'Dr',
        'robohash.org/deseruntmollitiavoluptates.png?size=50x50&set=set1',
        '297 737 2226',
        '1 Lake View Trail',
        'mvan16@chron.com',
        'www\.dummyresume\.com/gkymgBWU',
        'seeking'),
       (44,
        'Kimmie Britner',
        'Ms',
        'robohash.org/necessitatibussolutapariatur.png?size=50x50&set=set1',
        '178 683 3666',
        '6697 Valley Edge Circle',
        'kbritner17@devhub.com',
        'www\.dummyresume\.com/yfkMQMkV',
        'open'),
       (45,
        'Inglis Abrahamsohn',
        'Honorable',
        'robohash.org/nihilquieius.png?size=50x50&set=set1',
        '329 921 4520',
        '6 Morning Court',
        'iabrahamsohn18@deviantart.com',
        'www\.dummyresume\.com/uZWyanDU',
        'seeking'),
       (46,
        'Evelyn Wroughton',
        'Honorable',
        'robohash.org/mollitiaautquam.png?size=50x50&set=set1',
        '476 114 7888',
        '97623 Thackeray Point',
        'ewroughton19@zdnet.com',
        'www\.dummyresume\.com/ZnDqmiuk',
        'seeking'),
       (47,
        'Ariana Sawers',
        'Ms',
        'robohash.org/quoearumipsum.png?size=50x50&set=set1',
        '126 507 9577',
        '97 Mayer Pass',
        'asawers1a@mediafire.com',
        'www\.dummyresume\.com/GvBagenl',
        'employed'),
       (48,
        'Anabelle Bartley',
        'Ms',
        'robohash.org/dignissimosdoloribusquos.png?size=50x50&set=set1',
        '765 391 4195',
        '6269 Lukken Pass',
        'abartley1b@tiny.cc',
        'www\.dummyresume\.com/SduOtKLE',
        'employed'),
       (49,
        'Harris Mordey',
        'Ms',
        'robohash.org/oditutvoluptatem.png?size=50x50&set=set1',
        '978 753 6219',
        '1 Bay Place',
        'hmordey1c@4shared.com',
        'www\.dummyresume\.com/hEscdIVR',
        'seeking'),
       (50,
        'Moss Sirr',
        'Ms',
        'robohash.org/ipsumperspiciatisrerum.png?size=50x50&set=set1',
        '558 961 6560',
        '9634 Fieldstone Hill',
        'msirr1d@pinterest.com',
        'www\.dummyresume\.com/SRTwAHBc',
        'seeking'),
       (51,
        'Aleksandr Cowin',
        'Mr',
        'robohash.org/dolorestotammolestiae.png?size=50x50&set=set1',
        '808 992 8585',
        '55 Moose Alley',
        'acowin1e@multiply.com',
        'www\.dummyresume\.com/mcaVAViS',
        'open'),
       (52,
        'Lynnet Foote',
        'Honorable',
        'robohash.org/utquiaullam.png?size=50x50&set=set1',
        '710 859 8020',
        '9 Everett Way',
        'lfoote1f@cnet.com',
        'www\.dummyresume\.com/HjhzdIXN',
        'employed'),
       (53,
        'Derek Blockwell',
        'Rev',
        'robohash.org/laudantiumnatusdolorum.png?size=50x50&set=set1',
        '923 835 9570',
        '1 Fisk Plaza',
        'dblockwell1g@toplist.cz',
        'www\.dummyresume\.com/XwhewxRE',
        'employed'),
       (54,
        'Bertram Crownshaw',
        'Ms',
        'robohash.org/indoloremest.png?size=50x50&set=set1',
        '922 483 4454',
        '43931 Drewry Drive',
        'bcrownshaw1h@4shared.com',
        'www\.dummyresume\.com/JsUlVbus',
        'freelancing'),
       (55,
        'Peri Flohard',
        'Mr',
        'robohash.org/iustosolutaet.png?size=50x50&set=set1',
        '632 157 6104',
        '658 Boyd Drive',
        'pflohard1i@amazon.de',
        'www\.dummyresume\.com/IGyLwdcU',
        'freelancing'),
       (56,
        'Phyllys Roycroft',
        'Dr',
        'robohash.org/excepturiremquam.png?size=50x50&set=set1',
        '821 903 5799',
        '77 Darwin Alley',
        'proycroft1j@nhs.uk',
        'www\.dummyresume\.com/xJfFDrvk',
        'employed'),
       (57,
        'Jen Covotto',
        'Rev',
        'robohash.org/omnisquinon.png?size=50x50&set=set1',
        '162 454 7486',
        '1 Butterfield Crossing',
        'jcovotto1k@storify.com',
        'www\.dummyresume\.com/MWIcpyYr',
        'seeking'),
       (58,
        'Kanya De Simone',
        'Dr',
        'robohash.org/eosfugiatreprehenderit.png?size=50x50&set=set1',
        '125 294 9442',
        '958 Harper Center',
        'kde1l@senate.gov',
        'www\.dummyresume\.com/XKcvtlbg',
        'seeking'),
       (59,
        'Alon Cheeney',
        'Ms',
        'robohash.org/corruptiautporro.png?size=50x50&set=set1',
        '576 393 3091',
        '14523 Truax Crossing',
        'acheeney1m@businessinsider.com',
        'www\.dummyresume\.com/GHwoKpYz',
        'freelancing'),
       (60,
        'Deena Southard',
        'Mrs',
        'robohash.org/inciduntquiquam.png?size=50x50&set=set1',
        '571 610 3338',
        '87 Old Shore Point',
        'dsouthard1n@unesco.org',
        'www\.dummyresume\.com/NbgmOibV',
        'employed'),
       (61,
        'Rozelle Le Claire',
        'Mrs',
        'robohash.org/expeditaomnistempora.png?size=50x50&set=set1',
        '477 417 5875',
        '142 Lawn Pass',
        'rle1o@altervista.org',
        'www\.dummyresume\.com/rXiEaIUP',
        'seeking'),
       (62,
        'Melli Hearnes',
        'Ms',
        'robohash.org/ipsumvoluptatemlaborum.png?size=50x50&set=set1',
        '960 478 6467',
        '089 Dayton Plaza',
        'mhearnes1p@irs.gov',
        'www\.dummyresume\.com/dlmzFIJv',
        'seeking'),
       (63,
        'Kale Giffaut',
        'Rev',
        'robohash.org/possimuscumesse.png?size=50x50&set=set1',
        '240 206 8176',
        '2 Mccormick Lane',
        'kgiffaut1q@indiegogo.com',
        'www\.dummyresume\.com/rLMZigge',
        'employed'),
       (64,
        'Iona Bockmann',
        'Ms',
        'robohash.org/utexpeditaducimus.png?size=50x50&set=set1',
        '569 856 2649',
        '65578 Reindahl Crossing',
        'ibockmann1r@parallels.com',
        'www\.dummyresume\.com/NdliQECu',
        'seeking'),
       (65,
        'Crissy Flintoffe',
        'Ms',
        'robohash.org/aliassuscipitsunt.png?size=50x50&set=set1',
        '806 455 8824',
        '769 Spohn Terrace',
        'cflintoffe1s@cdc.gov',
        'www\.dummyresume\.com/hPmOnDQp',
        'employed'),
       (66,
        'Wilmar Swarbrick',
        'Mr',
        'robohash.org/quiaaniminisi.png?size=50x50&set=set1',
        '679 445 4938',
        '18 Springview Road',
        'wswarbrick1t@ibm.com',
        'www\.dummyresume\.com/rjmkZigR',
        'open'),
       (67,
        'Vale Gisburn',
        'Ms',
        'robohash.org/explicabomolestiaequisquam.png?size=50x50&set=set1',
        '373 765 9009',
        '45837 Norway Maple Crossing',
        'vgisburn1u@comcast.net',
        'www\.dummyresume\.com/ooEenOOi',
        'freelancing'),
       (68,
        'Noby Frane',
        'Mrs',
        'robohash.org/namvoluptasdolores.png?size=50x50&set=set1',
        '967 424 5984',
        '9 Crownhardt Circle',
        'nfrane1v@biblegateway.com',
        'www\.dummyresume\.com/fdokVINg',
        'freelancing'),
       (69,
        'Joann Durston',
        'Mrs',
        'robohash.org/etconsecteturqui.png?size=50x50&set=set1',
        '524 640 4985',
        '72 Anniversary Point',
        'jdurston1w@ning.com',
        'www\.dummyresume\.com/wCsbAAxb',
        'open'),
       (70,
        'Curtice McJury',
        'Mrs',
        'robohash.org/quiaaperiammagnam.png?size=50x50&set=set1',
        '228 908 9847',
        '17806 Northfield Road',
        'cmcjury1x@unc.edu',
        'www\.dummyresume\.com/PcgsVzVY',
        'open'),
       (71,
        'Orel Champneys',
        'Honorable',
        'robohash.org/doloremquovoluptas.png?size=50x50&set=set1',
        '820 878 8793',
        '9 Mallard Crossing',
        'ochampneys1y@boston.com',
        'www\.dummyresume\.com/oUktxazi',
        'open'),
       (72,
        'Tracee Cutten',
        'Mr',
        'robohash.org/similiquequodquidem.png?size=50x50&set=set1',
        '411 662 6468',
        '043 Meadow Vale Plaza',
        'tcutten1z@reddit.com',
        'www\.dummyresume\.com/NAGyNxwO',
        'freelancing'),
       (73,
        'Jephthah Wasteney',
        'Mr',
        'robohash.org/nihiloditsapiente.png?size=50x50&set=set1',
        '534 755 6554',
        '53 Garrison Trail',
        'jwasteney20@acquirethisname.com',
        'www\.dummyresume\.com/cQxeHdfT',
        'employed'),
       (74,
        'Natalie Artiss',
        'Rev',
        'robohash.org/etdoloresut.png?size=50x50&set=set1',
        '604 530 0839',
        '08041 Jana Road',
        'nartiss21@ibm.com',
        'www\.dummyresume\.com/muXLrfhp',
        'freelancing'),
       (75,
        'Priscella Baversor',
        'Ms',
        'robohash.org/laborumautofficiis.png?size=50x50&set=set1',
        '991 459 0331',
        '939 Chive Center',
        'pbaversor22@tripod.com',
        'www\.dummyresume\.com/tSUXckuF',
        'freelancing'),
       (76,
        'Anjanette Stobbe',
        'Ms',
        'robohash.org/temporaoditlabore.png?size=50x50&set=set1',
        '582 227 0131',
        '76 Grasskamp Street',
        'astobbe23@cmu.edu',
        'www\.dummyresume\.com/rDOnUTQK',
        'seeking'),
       (77,
        'Dennis Bignall',
        'Rev',
        'robohash.org/impeditquiodio.png?size=50x50&set=set1',
        '808 159 6730',
        '16430 Anthes Court',
        'dbignall24@gravatar.com',
        'www\.dummyresume\.com/LuEhffmj',
        'employed'),
       (78,
        'Brant McNutt',
        'Honorable',
        'robohash.org/etnequeplaceat.png?size=50x50&set=set1',
        '510 371 3342',
        '90 Cody Park',
        'bmcnutt25@amazon.com',
        'www\.dummyresume\.com/VycgYfYV',
        'open'),
       (79,
        'Barrett Tape',
        'Ms',
        'robohash.org/dolorumsedmagnam.png?size=50x50&set=set1',
        '761 267 2673',
        '79421 Bashford Drive',
        'btape26@unicef.org',
        'www\.dummyresume\.com/yBGpcYOv',
        'open'),
       (80,
        'Carol Astley',
        'Honorable',
        'robohash.org/quasietearum.png?size=50x50&set=set1',
        '861 135 9849',
        '82839 Brown Trail',
        'castley27@webs.com',
        'www\.dummyresume\.com/qLeGLBsW',
        'employed'),
       (81,
        'Findley Cosgrove',
        'Rev',
        'robohash.org/nihiltemporaaliquid.png?size=50x50&set=set1',
        '156 480 3598',
        '4625 Springview Plaza',
        'fcosgrove28@last.fm',
        'www\.dummyresume\.com/izlbFKBC',
        'freelancing'),
       (82,
        'Ivar Mantha',
        'Honorable',
        'robohash.org/temporibusoccaecatipossimus.png?size=50x50&set=set1',
        '222 912 6304',
        '30206 Tony Circle',
        'imantha29@yahoo.co.jp',
        'www\.dummyresume\.com/bWzBarrv',
        'freelancing'),
       (83,
        'Aubrette Mougel',
        'Dr',
        'robohash.org/asperioresplaceatrerum.png?size=50x50&set=set1',
        '855 567 5027',
        '9 East Road',
        'amougel2a@php.net',
        'www\.dummyresume\.com/OnLhFKzf',
        'freelancing'),
       (84,
        'Adham Vlasov',
        'Mr',
        'robohash.org/teneturliberoquo.png?size=50x50&set=set1',
        '659 190 6120',
        '474 Tennessee Terrace',
        'avlasov2b@typepad.com',
        'www\.dummyresume\.com/GyAQaMdI',
        'open'),
       (85,
        'Bailie Yakushkin',
        'Rev',
        'robohash.org/saepeeaqueet.png?size=50x50&set=set1',
        '857 250 0506',
        '08275 Kim Trail',
        'byakushkin2c@linkedin.com',
        'www\.dummyresume\.com/tAQgMoTW',
        'seeking'),
       (86,
        'Vallie Barrowclough',
        'Ms',
        'robohash.org/delectusdolorumvoluptatem.png?size=50x50&set=set1',
        '800 767 2704',
        '49327 Gerald Crossing',
        'vbarrowclough2d@ihg.com',
        'www\.dummyresume\.com/cPefTRdP',
        'seeking'),
       (87,
        'Gus Kays',
        'Dr',
        'robohash.org/blanditiiseaeos.png?size=50x50&set=set1',
        '751 618 6516',
        '45 Tennessee Court',
        'gkays2e@studiopress.com',
        'www\.dummyresume\.com/snrRwypW',
        'open'),
       (88,
        'Janna Puleque',
        'Mr',
        'robohash.org/doloresnostrumsint.png?size=50x50&set=set1',
        '533 493 1222',
        '5 Cherokee Pass',
        'jpuleque2f@blogs.com',
        'www\.dummyresume\.com/wtytdZeD',
        'open'),
       (89,
        'Jorie Falkinder',
        'Mr',
        'robohash.org/quisapientenatus.png?size=50x50&set=set1',
        '706 499 1330',
        '731 Oxford Street',
        'jfalkinder2g@yelp.com',
        'www\.dummyresume\.com/wRIhzmBK',
        'freelancing'),
       (90,
        'Karel Paddie',
        'Mr',
        'robohash.org/temporaauteius.png?size=50x50&set=set1',
        '919 650 2942',
        '28 Graedel Way',
        'kpaddie2h@earthlink.net',
        'www\.dummyresume\.com/gcbfQDIK',
        'freelancing'),
       (91,
        'Charla Tugman',
        'Rev',
        'robohash.org/laudantiumquisbeatae.png?size=50x50&set=set1',
        '711 449 4492',
        '5704 Village Green Parkway',
        'ctugman2i@feedburner.com',
        'www\.dummyresume\.com/YEObbzuY',
        'employed'),
       (92,
        'Willy Marks',
        'Dr',
        'robohash.org/quivoluptasdolores.png?size=50x50&set=set1',
        '808 335 4062',
        '85834 Starling Court',
        'wmarks2j@soup.io',
        'www\.dummyresume\.com/zjshOyXK',
        'freelancing'),
       (93,
        'Ryun Scarse',
        'Rev',
        'robohash.org/temporemodienim.png?size=50x50&set=set1',
        '359 249 6086',
        '9 Washington Junction',
        'rscarse2k@hud.gov',
        'www\.dummyresume\.com/AmblLerd',
        'employed'),
       (94,
        'Horten Crockatt',
        'Dr',
        'robohash.org/cumabperferendis.png?size=50x50&set=set1',
        '812 888 9813',
        '10964 Oak Way',
        'hcrockatt2l@bravesites.com',
        'www\.dummyresume\.com/XPeKGEEM',
        'seeking'),
       (95, 'Lu Arnao', 'Mr', 'robohash.org/facereidet.png?size=50x50&set=set1', '727 287 2572', '782 Russell Court', 'larnao2m@ibm.com', 'www\.dummyresume\.com/ELpSgxQj', 'seeking'),
       (96,
        'Annaliese Haglington',
        'Honorable',
        'robohash.org/consectetursiteos.png?size=50x50&set=set1',
        '591 974 3491',
        '08 Lake View Lane',
        'ahaglington2n@ycombinator.com',
        'www\.dummyresume\.com/eFlCRNKe',
        'freelancing'),
       (97,
        'Dietrich Bickerstaffe',
        'Ms',
        'robohash.org/eosdoloremqueexpedita.png?size=50x50&set=set1',
        '768 830 5912',
        '88972 Portage Avenue',
        'dbickerstaffe2o@reverbnation.com',
        'www\.dummyresume\.com/ZQKtwbLa',
        'employed'),
       (98,
        'Leena Walczak',
        'Dr',
        'robohash.org/quaeratquidemincidunt.png?size=50x50&set=set1',
        '678 458 4784',
        '3 Delladonna Point',
        'lwalczak2p@shutterfly.com',
        'www\.dummyresume\.com/ygocMufe',
        'freelancing'),
       (99,
        'Gaylene Turvey',
        'Honorable',
        'robohash.org/nullamaioresautem.png?size=50x50&set=set1',
        '399 675 9107',
        '9468 Oxford Point',
        'gturvey2q@furl.net',
        'www\.dummyresume\.com/VvjLEhoV',
        'freelancing'),
       (100,
        'Marybeth Piper',
        'Dr',
        'robohash.org/estetdeleniti.png?size=50x50&set=set1',
        '631 184 9300',
        '95 Center Alley',
        'mpiper2r@umich.edu',
        'www\.dummyresume\.com/KCHXZZqJ',
        'seeking')
;
SET IDENTITY_INSERT Candidate OFF
;

SET IDENTITY_INSERT Vacancy ON
;
INSERT INTO Vacancy (Id, JobTitle, Description, Status, DatePosted, EducationReq, ExperienceReq, Location, EmploymentType, EmployerId, RecruiterId)
VALUES (1, 'Project Manager', 'Phasellus id sapien in sapien iaculis congue.', 'open', '2024-03-08 19:58:31.000', 'Bachelors Degree', '13', 'Maastricht', 'parttime', 18, 80),
       (2, 'Engineer IV', 'Duis bibendum, felis sed interdum venenatis, turpis enim blandit mi, in porttitor pede justo eu massa. Donec dapibus.', 'pending', '2024-03-04 22:44:09.000', 'Associates Degree', '8', 'Maastricht', 'temporary', 70, 11),
       (3, 'Community Outreach Specialist', 'Vestibulum ante ipsum primis in faucibus orci luctus et ultrices posuere cubilia Curae; Nulla dapibus dolor vel est.', 'open', '2023-09-24 10:02:08.000', 'Doctorate', '10', 'The Hague', 'parttime', 91, 16),
       (4, 'Marketing Manager', 'Suspendisse accumsan tortor quis turpis. Sed ante.', 'filled', '2024-02-18 12:47:24.000', 'Bachelors Degree', '5', 'The Hague', 'fulltime', 87, 31),
       (5, 'VP Accounting', 'Mauris ullamcorper purus sit amet nulla. Quisque arcu libero, rutrum ac, lobortis vel, dapibus at, diam.', 'open', '2023-10-31 06:46:02.000', 'Associates Degree', '10', 'Maastricht', 'temporary', 34, 53),
       (6, 'Community Outreach Specialist', 'In hac habitasse platea dictumst. Aliquam augue quam, sollicitudin vitae, consectetuer eget, rutrum at, lorem.', 'open', '2023-08-16 02:04:26.000', 'High School Diploma', '17', 'Eindhoven', 'freelance', 55, 18),
       (7, 'Business Systems Development Analyst', 'Suspendisse potenti.', 'pending', '2023-09-21 00:25:42.000', 'Masters Degree', '5', 'Delft', 'contract', 28, 28),
       (8, 'Marketing Manager', 'Integer a nibh.', 'filled', '2023-12-27 14:19:19.000', 'High School Diploma', '9', 'Utrecht', 'temporary', 55, 18),
       (9, 'Occupational Therapist', 'Vivamus tortor.', 'open', '2023-12-03 01:09:02.000', 'High School Diploma', '8', 'Haarlem', 'parttime', 10, 64),
       (10, 'Design Engineer', 'Curabitur in libero ut massa volutpat convallis. Morbi odio odio, elementum eu, interdum eu, tincidunt in, leo.', 'pending', '2023-08-03 07:51:43.000', 'Bachelors Degree', '8', 'Maastricht', 'contract', 27, 86),
       (11, 'Senior Cost Accountant', 'Lorem ipsum dolor sit amet, consectetuer adipiscing elit.', 'filled', '2023-08-20 17:45:29.000', 'Bachelors Degree', '14', 'Leiden', 'contract', 45, 96),
       (12, 'General Manager', 'Proin at turpis a pede posuere nonummy. Integer non velit.', 'closed', '2023-11-16 11:16:37.000', 'Masters Degree', '18', 'Leiden', 'temporary', 75, 35),
       (13, 'Compensation Analyst', 'Duis ac nibh. Fusce lacus purus, aliquet at, feugiat non, pretium quis, lectus.', 'filled', '2024-02-23 17:25:23.000', 'Associates Degree', '3', 'Delft', 'contract', 96, 4),
       (14, 'Recruiting Manager', 'Vestibulum sed magna at nunc commodo placerat. Praesent blandit.', 'pending', '2023-10-21 23:43:38.000', 'Masters Degree', '7', 'Amsterdam', 'temporary', 66, 100),
       (15, 'Paralegal', 'Praesent blandit.', 'pending', '2023-08-03 08:34:54.000', 'Masters Degree', '8', 'Groningen', 'contract', 50, 39),
       (16, 'Structural Analysis Engineer', 'Praesent id massa id nisl venenatis lacinia. Aenean sit amet justo.', 'pending', '2024-03-17 22:51:54.000', 'High School Diploma', '5', 'The Hague', 'fulltime', 52, 9),
       (17, 'Internal Auditor', 'Sed vel enim sit amet nunc viverra dapibus.', 'filled', '2024-02-04 10:07:22.000', 'High School Diploma', '16', 'Utrecht', 'fulltime', 4, 38),
       (18, 'Chief Design Engineer', 'Praesent lectus. Vestibulum quam sapien, varius ut, blandit non, interdum in, ante.', 'pending', '2023-11-05 13:21:30.000', 'Doctorate', '20', 'Groningen', 'parttime', 78, 33),
       (19, 'Registered Nurse', 'Nulla justo. Aliquam quis turpis eget elit sodales scelerisque.', 'pending', '2023-09-29 20:48:38.000', 'High School Diploma', '9', 'Delft', 'temporary', 84, 27),
       (20, 'Assistant Media Planner', 'Vestibulum rutrum rutrum neque.', 'closed', '2023-09-04 01:45:09.000', 'Masters Degree', '12', 'Rotterdam', 'temporary', 79, 42),
       (21, 'Physical Therapy Assistant', 'Integer ac neque. Duis bibendum.', 'open', '2023-11-24 23:15:48.000', 'High School Diploma', '5', 'Utrecht', 'parttime', 3, 88),
       (22, 'Systems Administrator I', 'Nulla neque libero, convallis eget, eleifend luctus, ultricies eu, nibh. Quisque id justo sit amet sapien dignissim vestibulum.', 'filled', '2023-09-19 11:30:36.000', 'Associates Degree', '5', 'Maastricht', 'fulltime', 36, 41),
       (23, 'VP Marketing', 'Nullam molestie nibh in lectus.', 'pending', '2023-08-19 23:36:36.000', 'Associates Degree', '3', 'Delft', 'fulltime', 73, 43),
       (24, 'Professor', 'Fusce consequat. Nulla nisl.', 'closed', '2023-11-24 22:31:56.000', 'Doctorate', '20', 'Eindhoven', 'contract', 57, 97),
       (25, 'Database Administrator III', 'Vestibulum quam sapien, varius ut, blandit non, interdum in, ante. Vestibulum ante ipsum primis in faucibus orci luctus et ultrices posuere cubilia Curae; Duis faucibus accumsan odio.', 'closed', '2023-10-18 12:51:13.000', 'Bachelors Degree', '18',
        'Haarlem', 'contract', 50, 39),
       (26, 'Marketing Manager', 'Aliquam non mauris.', 'open', '2024-01-07 02:16:27.000', 'Masters Degree', '18', 'Rotterdam', 'fulltime', 55, 18),
       (27, 'Senior Cost Accountant', 'Morbi porttitor lorem id ligula.', 'pending', '2024-01-31 19:20:40.000', 'Doctorate', '17', 'Delft', 'freelance', 5, 45),
       (28, 'Developer I', 'Sed ante.', 'pending', '2023-12-10 14:29:48.000', 'Doctorate', '12', 'Eindhoven', 'contract', 59, 10),
       (29, 'Analyst Programmer', 'Aliquam non mauris. Morbi non lectus.', 'pending', '2023-12-01 19:00:17.000', 'Masters Degree', '12', 'Delft', 'fulltime', 29, 89),
       (30, 'Software Test Engineer I', 'Nulla neque libero, convallis eget, eleifend luctus, ultricies eu, nibh.', 'filled', '2023-11-19 07:05:19.000', 'High School Diploma', '15', 'Maastricht', 'freelance', 36, 41),
       (31, 'Mechanical Systems Engineer', 'Vestibulum quam sapien, varius ut, blandit non, interdum in, ante. Vestibulum ante ipsum primis in faucibus orci luctus et ultrices posuere cubilia Curae; Duis faucibus accumsan odio.', 'filled', '2023-12-14 19:52:12.000', 'Associates Degree', '3',
        'Delft', 'freelance', 2, 95),
       (32, 'Electrical Engineer', 'Integer ac neque. Duis bibendum.', 'open', '2024-02-06 01:44:37.000', 'Bachelors Degree', '5', 'Utrecht', 'contract', 4, 38),
       (33, 'Marketing Manager', 'Pellentesque at nulla. Suspendisse potenti.', 'closed', '2024-01-19 09:13:49.000', 'High School Diploma', '12', 'Eindhoven', 'freelance', 96, 4),
       (34, 'Structural Analysis Engineer', 'Fusce consequat.', 'pending', '2024-02-13 05:55:07.000', 'Doctorate', '12', 'The Hague', 'freelance', 25, 19),
       (35, 'Structural Engineer', 'Fusce consequat.', 'filled', '2024-03-28 18:00:41.000', 'Doctorate', '1', 'Rotterdam', 'parttime', 18, 80),
       (36, 'Community Outreach Specialist', 'Donec dapibus. Duis at velit eu est congue elementum.', 'filled', '2024-03-19 04:19:44.000', 'Bachelors Degree', '13', 'Maastricht', 'parttime', 31, 47),
       (37, 'Chemical Engineer', 'Maecenas rhoncus aliquam lacus.', 'filled', '2023-09-25 16:10:31.000', 'Doctorate', '5', 'Haarlem', 'temporary', 45, 96),
       (38, 'Sales Representative', 'Mauris sit amet eros.', 'open', '2023-12-15 03:39:20.000', 'Bachelors Degree', '8', 'Utrecht', 'temporary', 1, 95),
       (39, 'Information Systems Manager', 'Praesent blandit. Nam nulla.', 'filled', '2024-03-23 20:48:33.000', 'High School Diploma', '10', 'The Hague', 'freelance', 20, 34),
       (40, 'Operator', 'Morbi non quam nec dui luctus rutrum.', 'pending', '2023-11-28 12:38:34.000', 'Bachelors Degree', '1', 'Amsterdam', 'fulltime', 50, 39),
       (41, 'Developer II', 'Cras mi pede, malesuada in, imperdiet et, commodo vulputate, justo.', 'closed', '2023-10-21 03:08:03.000', 'Bachelors Degree', '15', 'Groningen', 'parttime', 92, 76),
       (42, 'VP Sales', 'Fusce posuere felis sed lacus.', 'open', '2024-02-21 20:26:00.000', 'High School Diploma', '15', 'The Hague', 'temporary', 84, 27),
       (43, 'Software Consultant', 'Etiam pretium iaculis justo.', 'filled', '2023-09-21 06:05:08.000', 'Bachelors Degree', '8', 'Utrecht', 'fulltime', 34, 53),
       (44, 'Accounting Assistant III', 'Duis bibendum. Morbi non quam nec dui luctus rutrum.', 'closed', '2023-08-17 13:06:55.000', 'Masters Degree', '7', 'Groningen', 'contract', 59, 10),
       (45, 'Software Consultant', 'Suspendisse ornare consequat lectus.', 'closed', '2023-11-25 11:32:16.000', 'Associates Degree', '15', 'Haarlem', 'temporary', 78, 33),
       (46, 'Software Consultant', 'Integer aliquet, massa id lobortis convallis, tortor risus dapibus augue, vel accumsan tellus nisi eu orci.', 'open', '2023-10-04 00:50:59.000', 'Doctorate', '20', 'Utrecht', 'freelance', 73, 43),
       (47, 'Civil Engineer', 'Nunc purus. Phasellus in felis.', 'pending', '2023-10-29 18:51:16.000', 'Masters Degree', '16', 'The Hague', 'contract', 57, 97),
       (48, 'Physical Therapy Assistant', 'Quisque arcu libero, rutrum ac, lobortis vel, dapibus at, diam.', 'filled', '2024-03-08 07:24:16.000', 'Bachelors Degree', '19', 'Maastricht', 'fulltime', 81, 91),
       (49, 'Senior Financial Analyst', 'Aliquam non mauris.', 'open', '2023-09-12 23:34:34.000', 'Associates Degree', '17', 'Groningen', 'freelance', 56, 21),
       (50, 'Software Consultant', 'Cras pellentesque volutpat dui. Maecenas tristique, est et tempus semper, est quam pharetra magna, ac consequat metus sapien ut nunc.', 'open', '2023-11-12 02:13:07.000', 'Associates Degree', '13', 'Amsterdam', 'fulltime', 47, 87),
       (51, 'Cost Accountant', 'Cras mi pede, malesuada in, imperdiet et, commodo vulputate, justo.', 'filled', '2024-01-06 09:32:31.000', 'Masters Degree', '7', 'Haarlem', 'temporary', 59, 10),
       (52, 'Quality Engineer', 'Fusce posuere felis sed lacus. Morbi sem mauris, laoreet ut, rhoncus aliquet, pulvinar sed, nisl.', 'open', '2023-10-11 00:10:13.000', 'Masters Degree', '9', 'Utrecht', 'parttime', 50, 39),
       (53, 'Actuary', 'Maecenas ut massa quis augue luctus tincidunt.', 'closed', '2023-09-17 22:55:44.000', 'High School Diploma', '5', 'Groningen', 'temporary', 47, 87),
       (54, 'Director of Sales', 'Vestibulum ante ipsum primis in faucibus orci luctus et ultrices posuere cubilia Curae; Duis faucibus accumsan odio. Curabitur convallis.', 'filled', '2024-03-21 01:49:06.000', 'High School Diploma', '14', 'Rotterdam', 'contract', 27, 86),
       (55, 'Civil Engineer', 'In blandit ultrices enim.', 'open', '2024-01-12 16:48:28.000', 'Doctorate', '11', 'Rotterdam', 'contract', 34, 53),
       (56, 'Payment Adjustment Coordinator', 'Suspendisse accumsan tortor quis turpis. Sed ante.', 'filled', '2024-01-06 13:45:03.000', 'Doctorate', '18', 'Haarlem', 'fulltime', 12, 26),
       (57, 'VP Product Management', 'Nam nulla.', 'pending', '2023-11-06 16:50:50.000', 'High School Diploma', '1', 'Eindhoven', 'contract', 39, 81),
       (58, 'Project Manager', 'Morbi quis tortor id nulla ultrices aliquet. Maecenas leo odio, condimentum id, luctus nec, molestie sed, justo.', 'closed', '2024-01-16 15:56:23.000', 'Masters Degree', '12', 'Groningen', 'contract', 63, 24),
       (59, 'Database Administrator II', 'Curabitur convallis.', 'closed', '2024-03-24 18:14:20.000', 'Masters Degree', '11', 'Utrecht', 'temporary', 39, 81),
       (60, 'Human Resources Manager', 'Etiam justo.', 'closed', '2023-12-08 20:38:23.000', 'Bachelors Degree', '9', 'Utrecht', 'parttime', 87, 31),
       (61, 'Community Outreach Specialist', 'Nullam varius. Nulla facilisi.', 'filled', '2023-08-30 22:48:25.000', 'Doctorate', '4', 'Delft', 'fulltime', 10, 64),
       (62, 'Staff Scientist', 'Aenean auctor gravida sem.', 'open', '2023-12-05 14:02:58.000', 'Bachelors Degree', '15', 'Eindhoven', 'freelance', 75, 35),
       (63, 'Staff Scientist', 'Duis at velit eu est congue elementum.', 'filled', '2023-10-29 20:40:37.000', 'Masters Degree', '17', 'Groningen', 'contract', 21, 14),
       (64, 'Staff Accountant IV', 'Fusce posuere felis sed lacus. Morbi sem mauris, laoreet ut, rhoncus aliquet, pulvinar sed, nisl.', 'closed', '2023-12-03 08:15:25.000', 'Doctorate', '18', 'The Hague', 'contract', 56, 21),
       (65, 'Programmer Analyst I', 'Mauris enim leo, rhoncus sed, vestibulum sit amet, cursus id, turpis. Integer aliquet, massa id lobortis convallis, tortor risus dapibus augue, vel accumsan tellus nisi eu orci.', 'open', '2023-09-20 09:58:09.000', 'High School Diploma', '12', 'Eindhoven',
        'fulltime', 69, 62),
       (66, 'Programmer Analyst II', 'Aliquam erat volutpat. In congue.', 'pending', '2023-11-05 08:32:07.000', 'Bachelors Degree', '3', 'Amsterdam', 'temporary', 82, 85),
       (67, 'Cost Accountant', 'Quisque arcu libero, rutrum ac, lobortis vel, dapibus at, diam.', 'pending', '2024-01-30 11:05:25.000', 'Doctorate', '16', 'Maastricht', 'freelance', 34, 53),
       (68, 'Senior Cost Accountant', 'Fusce congue, diam id ornare imperdiet, sapien urna pretium nisl, ut volutpat sapien arcu sed augue.', 'closed', '2023-10-27 06:06:07.000', 'Bachelors Degree', '19', 'Utrecht', 'temporary', 45, 96),
       (69, 'Account Representative I', 'Sed accumsan felis. Ut at dolor quis odio consequat varius.', 'closed', '2024-02-11 12:02:15.000', 'Bachelors Degree', '8', 'Groningen', 'freelance', 25, 19),
       (70, 'Data Coordinator', 'Maecenas leo odio, condimentum id, luctus nec, molestie sed, justo.', 'open', '2023-11-16 02:47:22.000', 'Masters Degree', '14', 'Rotterdam', 'contract', 2, 95),
       (71, 'Assistant Media Planner', 'Suspendisse potenti. In eleifend quam a odio.', 'pending', '2023-08-09 07:25:58.000', 'Doctorate', '10', 'Eindhoven', 'temporary', 63, 24),
       (72, 'Marketing Manager', 'Vestibulum ante ipsum primis in faucibus orci luctus et ultrices posuere cubilia Curae; Mauris viverra diam vitae quam.', 'open', '2024-02-11 16:47:50.000', 'Doctorate', '13', 'Delft', 'freelance', 45, 96),
       (73, 'Civil Engineer', 'Quisque arcu libero, rutrum ac, lobortis vel, dapibus at, diam.', 'filled', '2023-11-08 16:37:13.000', 'Doctorate', '4', 'Groningen', 'parttime', 23, 1),
       (74, 'Environmental Tech', 'Nullam varius. Nulla facilisi.', 'open', '2023-09-24 08:15:22.000', 'Associates Degree', '19', 'Utrecht', 'parttime', 77, 69),
       (75, 'Assistant Media Planner', 'Curabitur gravida nisi at nibh. In hac habitasse platea dictumst.', 'open', '2023-09-22 06:54:05.000', 'High School Diploma', '6', 'Maastricht', 'temporary', 25, 19),
       (76, 'Payment Adjustment Coordinator', 'Sed vel enim sit amet nunc viverra dapibus.', 'filled', '2024-01-10 04:30:02.000', 'Associates Degree', '17', 'Haarlem', 'parttime', 15, 72),
       (77, 'Accountant I', 'Aliquam non mauris. Morbi non lectus.', 'open', '2023-10-27 04:48:29.000', 'Bachelors Degree', '3', 'Maastricht', 'fulltime', 31, 47),
       (78, 'Accountant I', 'Praesent lectus. Vestibulum quam sapien, varius ut, blandit non, interdum in, ante.', 'closed', '2024-02-14 03:16:43.000', 'Doctorate', '15', 'Amsterdam', 'freelance', 30, 40),
       (79, 'Programmer I', 'In congue.', 'open', '2023-10-12 06:31:20.000', 'Bachelors Degree', '4', 'Groningen', 'contract', 45, 96),
       (80, 'Software Consultant', 'Nullam orci pede, venenatis non, sodales sed, tincidunt eu, felis.', 'open', '2023-09-11 08:51:56.000', 'Masters Degree', '13', 'Maastricht', 'fulltime', 34, 53),
       (81, 'Project Manager', 'Pellentesque at nulla. Suspendisse potenti.', 'pending', '2023-11-19 05:42:08.000', 'Masters Degree', '3', 'Groningen', 'freelance', 91, 16),
       (82, 'Research Assistant I', 'Duis aliquam convallis nunc.', 'pending', '2023-08-15 21:51:36.000', 'Doctorate', '7', 'Utrecht', 'freelance', 75, 35),
       (83, 'Business Systems Development Analyst', 'Aliquam quis turpis eget elit sodales scelerisque. Mauris sit amet eros.', 'open', '2023-10-23 14:03:14.000', 'Doctorate', '12', 'The Hague', 'parttime', 67, 20),
       (84, 'Quality Engineer', 'Quisque erat eros, viverra eget, congue eget, semper rutrum, nulla. Nunc purus.', 'open', '2023-09-04 03:43:16.000', 'High School Diploma', '1', 'Utrecht', 'temporary', 95, 50),
       (85, 'VP Marketing', 'Morbi ut odio. Cras mi pede, malesuada in, imperdiet et, commodo vulputate, justo.', 'pending', '2024-03-11 05:43:42.000', 'Associates Degree', '7', 'Groningen', 'parttime', 80, 29),
       (86, 'Analyst Programmer', 'Morbi odio odio, elementum eu, interdum eu, tincidunt in, leo.', 'pending', '2023-08-14 02:55:48.000', 'Doctorate', '2', 'Leiden', 'fulltime', 57, 97),
       (87, 'Senior Sales Associate', 'Curabitur convallis.', 'filled', '2023-08-19 07:55:43.000', 'Doctorate', '15', 'Haarlem', 'contract', 84, 27),
       (88, 'Electrical Engineer', 'Morbi porttitor lorem id ligula.', 'filled', '2024-03-01 15:40:30.000', 'Masters Degree', '10', 'Haarlem', 'contract', 69, 62),
       (89, 'Computer Systems Analyst III', 'Nam dui. Proin leo odio, porttitor id, consequat in, consequat ut, nulla.', 'pending', '2023-08-24 20:02:50.000', 'High School Diploma', '19', 'Maastricht', 'fulltime', 67, 20),
       (90, 'VP Sales', 'Fusce lacus purus, aliquet at, feugiat non, pretium quis, lectus.', 'closed', '2023-10-22 06:34:47.000', 'Bachelors Degree', '12', 'Rotterdam', 'parttime', 41, 54),
       (91, 'Account Coordinator', 'Donec quis orci eget orci vehicula condimentum. Curabitur in libero ut massa volutpat convallis.', 'pending', '2023-09-26 07:36:09.000', 'High School Diploma', '1', 'The Hague', 'freelance', 50, 39),
       (92, 'Engineer I', 'Maecenas pulvinar lobortis est.', 'pending', '2023-09-17 17:37:36.000', 'Masters Degree', '16', 'Delft', 'fulltime', 63, 24),
       (93, 'Editor', 'In hac habitasse platea dictumst. Etiam faucibus cursus urna.', 'open', '2023-09-08 10:33:46.000', 'Bachelors Degree', '13', 'Groningen', 'temporary', 47, 87),
       (94, 'VP Product Management', 'Aliquam non mauris.', 'closed', '2023-08-17 05:11:11.000', 'Bachelors Degree', '4', 'Groningen', 'parttime', 18, 80),
       (95, 'GIS Technical Architect', 'Curabitur gravida nisi at nibh. In hac habitasse platea dictumst.', 'filled', '2023-09-20 13:05:06.000', 'Masters Degree', '17', 'Leiden', 'contract', 66, 100),
       (96, 'Editor', 'Nulla suscipit ligula in lacus. Curabitur at ipsum ac tellus semper interdum.', 'closed', '2023-10-27 04:50:57.000', 'Doctorate', '7', 'Delft', 'contract', 53, 15),
       (97, 'Account Executive', 'Nulla suscipit ligula in lacus. Curabitur at ipsum ac tellus semper interdum.', 'filled', '2024-02-19 05:02:47.000', 'Bachelors Degree', '2', 'Leiden', 'temporary', 75, 35),
       (98, 'Community Outreach Specialist', 'Mauris enim leo, rhoncus sed, vestibulum sit amet, cursus id, turpis. Integer aliquet, massa id lobortis convallis, tortor risus dapibus augue, vel accumsan tellus nisi eu orci.', 'pending', '2024-03-15 14:01:43.000', 'High School Diploma', '4',
        'The Hague', 'parttime', 96, 4),
       (99, 'Software Consultant', 'In hac habitasse platea dictumst. Aliquam augue quam, sollicitudin vitae, consectetuer eget, rutrum at, lorem.', 'filled', '2024-01-18 18:53:39.000', 'Associates Degree', '20', 'Delft', 'contract', 59, 10),
       (100, 'Social Worker', 'Nam nulla. Integer pede justo, lacinia eget, tincidunt eget, tempus vel, pede.', 'filled', '2023-08-18 22:20:07.000', 'Masters Degree', '12', 'Leiden', 'freelance', 27, 86)
;
SET IDENTITY_INSERT Vacancy OFF
;

SET IDENTITY_INSERT JobApplication ON
;
INSERT INTO JobApplication (Id, VacancyId, CandidateId, ApplicationStageId, CreatedAt, UpdatedAt)
VALUES (1, 65, 58, 5, '2024-06-30 02:48:27.000', '2024-04-28 02:42:24.000'),
       (2, 74, 97, 6, '2024-01-05 15:51:06.000', '2023-10-07 19:05:59.000'),
       (3, 42, 88, 4, '2024-03-19 03:42:43.000', '2024-01-01 05:35:29.000'),
       (4, 76, 53, 7, '2024-06-11 07:55:29.000', '2024-02-09 20:05:42.000'),
       (5, 19, 37, 5, '2023-12-12 06:06:28.000', '2023-07-30 12:47:35.000'),
       (6, 91, 6, 7, '2024-01-23 07:39:58.000', '2023-10-10 04:03:36.000'),
       (7, 67, 98, 3, '2023-11-11 15:38:51.000', '2024-05-09 14:31:20.000'),
       (8, 54, 83, 2, '2024-03-21 22:02:22.000', '2023-11-23 08:50:29.000'),
       (9, 45, 100, 6, '2023-08-12 02:49:52.000', '2023-09-09 07:14:42.000'),
       (10, 17, 72, 2, '2023-11-06 14:36:17.000', '2023-09-25 00:00:31.000'),
       (11, 46, 18, 3, '2024-01-12 01:54:25.000', '2024-07-07 13:11:20.000'),
       (12, 31, 94, 7, '2024-04-01 00:14:35.000', '2024-06-24 11:01:40.000'),
       (13, 14, 10, 7, '2024-02-12 10:45:38.000', '2024-04-07 08:20:36.000'),
       (14, 89, 23, 1, '2023-11-02 17:46:23.000', '2023-10-12 20:09:21.000'),
       (15, 23, 41, 7, '2024-07-20 07:42:24.000', '2024-05-27 08:43:19.000'),
       (16, 92, 98, 1, '2024-04-10 23:45:10.000', '2024-06-10 06:21:51.000'),
       (17, 46, 29, 5, '2023-10-06 01:12:21.000', '2023-12-14 05:58:29.000'),
       (18, 28, 30, 6, '2023-12-03 16:18:12.000', '2024-07-16 23:27:17.000'),
       (19, 43, 88, 7, '2023-09-16 00:53:02.000', '2023-09-06 12:24:34.000'),
       (20, 13, 80, 5, '2024-02-02 05:49:12.000', '2023-12-18 10:16:11.000'),
       (21, 14, 31, 3, '2024-06-13 16:34:57.000', '2024-04-17 20:35:12.000'),
       (22, 16, 30, 5, '2023-08-24 01:07:03.000', '2023-08-12 18:43:02.000'),
       (23, 31, 58, 3, '2024-07-15 00:46:01.000', '2024-01-14 01:19:38.000'),
       (24, 33, 96, 7, '2024-02-24 01:32:13.000', '2024-01-30 18:08:47.000'),
       (25, 2, 65, 2, '2024-03-01 03:26:20.000', '2024-06-04 04:42:44.000'),
       (26, 2, 76, 7, '2024-02-07 17:14:52.000', '2023-12-10 02:50:51.000'),
       (27, 94, 64, 5, '2024-03-24 20:24:28.000', '2024-05-15 11:03:00.000'),
       (28, 36, 65, 6, '2024-02-05 14:57:24.000', '2024-02-13 22:00:44.000'),
       (29, 31, 45, 3, '2024-05-19 12:32:39.000', '2023-12-25 17:35:59.000'),
       (30, 99, 23, 2, '2024-05-12 16:12:06.000', '2023-12-04 03:51:46.000'),
       (31, 14, 58, 2, '2023-08-26 21:17:38.000', '2024-02-28 07:13:41.000'),
       (32, 49, 21, 7, '2023-10-12 12:25:36.000', '2023-10-08 06:13:02.000'),
       (33, 4, 23, 2, '2024-06-29 08:07:02.000', '2023-09-03 12:57:45.000'),
       (34, 20, 26, 2, '2024-01-14 10:52:04.000', '2023-10-03 07:17:38.000'),
       (35, 88, 76, 4, '2024-04-11 03:07:12.000', '2024-05-19 23:31:37.000'),
       (36, 23, 94, 2, '2024-04-03 06:54:53.000', '2024-01-24 01:13:07.000'),
       (37, 7, 95, 4, '2024-02-27 07:44:14.000', '2023-12-03 23:48:46.000'),
       (38, 36, 3, 3, '2024-05-05 06:35:40.000', '2024-01-19 17:02:07.000'),
       (39, 60, 37, 4, '2023-08-09 00:22:35.000', '2023-09-19 12:42:19.000'),
       (40, 17, 23, 3, '2024-03-29 21:31:38.000', '2023-08-28 17:26:55.000'),
       (41, 22, 24, 2, '2024-06-26 12:01:07.000', '2023-10-29 17:55:17.000'),
       (42, 36, 69, 7, '2024-04-23 21:17:57.000', '2024-05-31 18:52:12.000'),
       (43, 83, 94, 5, '2023-09-17 23:11:57.000', '2024-07-10 08:03:54.000'),
       (44, 75, 76, 4, '2023-08-20 11:44:11.000', '2023-11-06 21:07:17.000'),
       (45, 56, 57, 3, '2024-05-11 13:23:18.000', '2024-03-18 11:02:48.000'),
       (46, 2, 24, 7, '2023-08-20 14:13:17.000', '2023-09-29 01:46:53.000'),
       (47, 70, 24, 3, '2024-06-11 12:31:22.000', '2023-08-15 03:05:28.000'),
       (48, 96, 100, 2, '2023-09-21 18:59:17.000', '2024-01-07 02:37:29.000'),
       (49, 95, 17, 6, '2023-08-13 15:07:16.000', '2024-02-28 19:52:21.000'),
       (50, 34, 12, 2, '2024-05-18 04:55:37.000', '2024-01-07 09:23:43.000'),
       (51, 94, 30, 2, '2024-05-25 02:37:47.000', '2024-07-04 10:24:24.000'),
       (52, 84, 5, 6, '2024-07-15 19:44:46.000', '2023-09-04 12:13:02.000'),
       (53, 59, 77, 7, '2024-03-12 02:32:51.000', '2023-10-31 00:29:15.000'),
       (54, 28, 20, 1, '2024-03-03 16:35:57.000', '2023-08-25 17:57:38.000'),
       (55, 23, 51, 7, '2024-05-10 13:39:41.000', '2024-07-22 03:45:20.000'),
       (56, 27, 43, 5, '2024-06-26 20:28:49.000', '2024-05-29 07:37:33.000'),
       (57, 26, 23, 2, '2024-05-15 02:22:07.000', '2023-08-27 00:53:18.000'),
       (58, 40, 99, 5, '2023-11-19 22:37:11.000', '2024-01-20 08:08:15.000'),
       (59, 23, 57, 1, '2024-04-18 17:10:25.000', '2024-03-10 09:56:18.000'),
       (60, 58, 93, 2, '2024-04-08 09:58:57.000', '2023-10-12 00:38:36.000'),
       (61, 11, 3, 2, '2023-12-10 13:10:43.000', '2024-05-16 03:39:19.000'),
       (62, 49, 76, 7, '2023-09-12 22:27:48.000', '2024-04-25 17:01:44.000'),
       (63, 16, 92, 1, '2024-04-20 07:45:51.000', '2023-11-21 00:23:13.000'),
       (64, 45, 47, 5, '2023-11-19 03:19:07.000', '2024-06-19 18:46:26.000'),
       (65, 99, 60, 3, '2024-05-25 13:48:52.000', '2023-08-26 02:48:34.000'),
       (66, 29, 1, 6, '2023-09-14 21:51:42.000', '2024-07-24 06:24:56.000'),
       (67, 62, 44, 5, '2024-01-13 00:13:45.000', '2024-02-28 18:45:55.000'),
       (68, 56, 60, 7, '2023-08-26 16:19:08.000', '2023-11-17 11:41:30.000'),
       (69, 25, 66, 1, '2024-06-03 13:56:03.000', '2023-09-28 03:10:43.000'),
       (70, 57, 51, 3, '2023-10-03 11:19:46.000', '2023-08-07 12:55:52.000'),
       (71, 93, 90, 1, '2024-06-29 00:28:43.000', '2024-07-11 08:27:38.000'),
       (72, 37, 4, 7, '2023-11-29 08:59:19.000', '2024-04-22 12:46:13.000'),
       (73, 33, 73, 3, '2023-10-25 07:51:43.000', '2023-11-10 11:07:35.000'),
       (74, 87, 95, 3, '2023-08-11 06:33:18.000', '2023-11-21 13:12:32.000'),
       (75, 22, 17, 5, '2023-11-21 12:52:36.000', '2023-12-04 13:42:18.000'),
       (76, 33, 75, 4, '2024-03-02 12:09:08.000', '2024-05-28 04:32:14.000'),
       (77, 70, 4, 5, '2023-08-28 16:48:08.000', '2024-04-07 02:49:20.000'),
       (78, 5, 32, 5, '2024-03-01 05:22:36.000', '2024-06-25 20:12:07.000'),
       (79, 24, 7, 3, '2023-12-18 18:19:01.000', '2024-01-03 15:33:17.000'),
       (80, 68, 1, 2, '2024-01-08 02:20:13.000', '2024-07-15 07:47:36.000'),
       (81, 75, 19, 6, '2024-03-10 02:05:55.000', '2023-09-13 12:40:20.000'),
       (82, 81, 57, 4, '2023-07-28 14:28:07.000', '2024-06-20 15:45:09.000'),
       (83, 14, 83, 1, '2024-07-21 15:31:52.000', '2024-03-11 21:32:40.000'),
       (84, 35, 8, 3, '2024-06-07 18:04:01.000', '2023-09-06 22:36:14.000'),
       (85, 78, 76, 4, '2024-07-03 00:17:05.000', '2023-11-01 20:33:46.000'),
       (86, 57, 10, 1, '2023-09-21 14:40:55.000', '2024-02-23 22:03:26.000'),
       (87, 91, 98, 3, '2024-05-22 02:00:16.000', '2023-11-09 01:37:38.000'),
       (88, 59, 93, 3, '2023-12-14 18:08:18.000', '2024-01-20 18:54:59.000'),
       (89, 93, 82, 2, '2023-10-12 20:02:34.000', '2024-01-07 05:25:11.000'),
       (90, 9, 75, 7, '2023-11-15 04:48:17.000', '2023-12-19 22:11:16.000'),
       (91, 23, 69, 4, '2024-04-06 07:23:08.000', '2024-07-03 08:05:51.000'),
       (92, 69, 60, 2, '2024-07-25 20:46:25.000', '2024-03-24 00:04:10.000'),
       (93, 14, 41, 3, '2024-04-11 14:07:30.000', '2023-12-11 10:55:51.000'),
       (94, 43, 72, 6, '2024-01-27 17:19:15.000', '2023-09-29 05:29:21.000'),
       (95, 66, 77, 4, '2024-05-30 08:23:48.000', '2024-07-13 14:33:53.000'),
       (96, 99, 13, 1, '2024-02-09 14:49:35.000', '2024-02-04 21:26:34.000'),
       (97, 96, 58, 7, '2024-01-08 06:39:02.000', '2024-01-09 20:37:12.000'),
       (98, 11, 62, 5, '2023-09-14 21:04:11.000', '2023-08-11 14:28:51.000'),
       (99, 30, 66, 5, '2023-12-14 02:53:46.000', '2024-07-08 14:51:20.000'),
       (100, 26, 4, 3, '2023-10-19 06:29:16.000', '2023-08-19 04:17:25.000')
;
SET IDENTITY_INSERT JobApplication OFF
;